game_id,title,year,n_active,rule,decision,reason,related_game_id,already_handled
339263,Summoner Wars (Second Edition): Starter Set,2021.0,472,base_set_starter_set,remove,"starter_set_component_of_parent_system_keep_parent (weight/year/designer corroborated, game_links parent)",332800.0,False
332398,Everdell: The Complete Collection,2022.0,3328,bundle_collection,remove,bundle_collection_same_underlying_game_keep_base (designer/weight corroborated),199792.0,False
2288,Blood Bowl (Second Edition),1988.0,1394,edition_extended,remove,edition_deluxe_title_clean_duplicate_keep_more_popular (weight_within_0.2;families_identical;mechanics_identical;title_levenshtein_0),712.0,False
3183,Car Wars (Fifth Edition),2002.0,220,edition_extended,remove,edition_deluxe_title_clean_duplicate_keep_more_popular (designer_identical;families_identical;title_levenshtein_0),2795.0,False
4928,Clue: 50th Anniversary Edition,1999.0,517,edition_extended,remove,edition_deluxe_title_clean_duplicate_keep_more_popular (weight_within_0.2;families_identical;title_levenshtein_0),130592.0,False
12493,Twilight Imperium: Third Edition,2005.0,18382,edition_extended,remove,edition_deluxe_title_clean_duplicate_keep_more_popular (weight_within_0.2;families_identical;title_levenshtein_0),233078.0,False
13362,"Warhammer 40,000 (Fourth Edition)",2004.0,1084,edition_extended,remove,edition_deluxe_title_clean_duplicate_keep_more_popular (weight_within_0.2;title_levenshtein_0),2162.0,False
15509,Scene It? Movie Deluxe,2005.0,195,edition_extended,remove,edition_deluxe_title_clean_duplicate_keep_more_popular (year_within_5;weight_within_0.2;families_identical;mechanics_identical;title_levenshtein_0),32688.0,False
23010,Risk: 40th Anniversary Collector's Edition,1999.0,680,edition_extended,remove,edition_deluxe_title_clean_duplicate_keep_more_popular (designer_identical;weight_within_0.4;families_identical;title_levenshtein_0),181.0,False
26055,Twilight Imperium: Second Edition,2000.0,547,edition_extended,remove,edition_deluxe_title_clean_duplicate_keep_more_popular (families_identical;title_levenshtein_0),233078.0,False
26138,Dungeon Twister Collectors Box,2006.0,108,edition_extended,remove,edition_deluxe_title_clean_duplicate_keep_more_popular (designer_identical;year_within_5;weight_within_0.4;families_identical;title_levenshtein_0),12995.0,False
27624,Pictionary: 15th Anniversary,2000.0,153,edition_extended,remove,edition_deluxe_title_clean_duplicate_keep_more_popular (weight_within_0.2;title_levenshtein_0),2281.0,False
27626,Pictionary: 20th Anniversary,2005.0,129,edition_extended,remove,edition_deluxe_title_clean_duplicate_keep_more_popular (weight_within_0.2;title_levenshtein_0),2281.0,False
31198,War at Sea (Third Edition),2007.0,114,edition_extended,remove,edition_deluxe_title_clean_duplicate_keep_more_popular (designer_identical;weight_within_0.2;families_identical;title_levenshtein_0),1431.0,False
32682,Scene It? Disney Second Edition,2007.0,168,edition_extended,remove,edition_deluxe_title_clean_duplicate_keep_more_popular (designer_identical;year_within_5;families_identical;mechanics_identical;title_levenshtein_0),15830.0,False
32683,Scene It? Harry Potter Second Edition,2007.0,143,edition_extended,remove,edition_deluxe_title_clean_duplicate_keep_more_popular (year_within_5;families_identical;mechanics_identical;title_levenshtein_0),19578.0,False
33624,Trivial Pursuit: Deluxe,2007.0,181,edition_extended,remove,edition_deluxe_title_clean_duplicate_keep_more_popular (designer_identical;year_within_5;families_identical;title_levenshtein_0),4492.0,False
37061,Star Fleet Battles (Designer's Edition),1979.0,118,edition_extended,remove,edition_deluxe_title_clean_duplicate_keep_more_popular (designer_identical;year_within_1;weight_within_0.4;families_identical;title_levenshtein_0),1589.0,False
37988,Trivial Pursuit: 25th Anniversary Edition,2008.0,324,edition_extended,remove,edition_deluxe_title_clean_duplicate_keep_more_popular (designer_identical;families_identical;mechanics_identical;title_levenshtein_0),4492.0,False
61269,Drakon (Second Edition),2002.0,416,edition_extended,remove,edition_deluxe_title_clean_duplicate_keep_more_popular (designer_identical;year_within_5;weight_within_0.2;families_identical;title_levenshtein_0),23107.0,False
63091,Space Hulk (Second Edition),1996.0,623,edition_extended,remove,edition_deluxe_title_clean_duplicate_keep_more_popular (weight_within_0.2;families_identical;title_levenshtein_0),54625.0,False
88827,Battle Cry: 150th Civil War Anniversary Edition,2010.0,1200,edition_extended,remove,edition_deluxe_title_clean_duplicate_keep_more_popular (designer_identical;weight_within_0.2;families_similar;title_levenshtein_0),551.0,False
123607,Puzzle Strike: Third Edition,2012.0,1815,edition_extended,remove,edition_deluxe_title_clean_duplicate_keep_more_popular (designer_identical;year_within_5;title_levenshtein_0),67928.0,False
126613,"Warhammer 40,000 (Sixth Edition)",2012.0,392,edition_extended,remove,edition_deluxe_title_clean_duplicate_keep_more_popular (year_within_5;weight_within_0.2;mechanics_identical;title_levenshtein_0),37165.0,False
128666,BANG! 10th Anniversary,2012.0,369,edition_extended,remove,edition_deluxe_title_clean_duplicate_keep_more_popular (designer_identical;weight_within_0.4;families_identical;title_levenshtein_0),3955.0,False
135840,Napoleon at Leipzig (Fifth Edition),2013.0,135,edition_extended,remove,edition_deluxe_title_clean_duplicate_keep_more_popular (designer_identical;title_levenshtein_0),10183.0,False
144568,Dawn of the Zeds (Second Edition),2013.0,645,edition_extended,remove,edition_deluxe_title_clean_duplicate_keep_more_popular (designer_identical;year_within_5;title_levenshtein_0),175095.0,False
146439,BattleLore: Second Edition,2013.0,6269,edition_extended,remove,edition_deluxe_title_clean_duplicate_keep_more_popular (weight_within_0.2;title_levenshtein_0),25417.0,False
147170,El Grande Decennial Edition,2006.0,978,edition_extended,remove,edition_deluxe_title_clean_duplicate_keep_more_popular (designer_identical;weight_within_0.2;families_identical;title_levenshtein_0),93.0,False
157820,Escape: The Curse of the Temple – Big Box,2014.0,1654,edition_extended,remove,edition_deluxe_title_clean_duplicate_keep_more_popular (designer_identical;year_within_5;weight_within_0.2;families_identical;title_levenshtein_0),113294.0,False
158098,Star Fleet Battles (Commander's Edition),1983.0,95,edition_extended,remove,edition_deluxe_title_clean_duplicate_keep_more_popular (designer_identical;year_within_5;weight_within_0.2;families_identical;title_levenshtein_0),1589.0,False
159517,Get Bit! Collectors Edition,2014.0,166,edition_extended,remove,edition_deluxe_title_clean_duplicate_keep_more_popular (weight_within_0.2;families_similar;title_levenshtein_0),30539.0,False
160069,Ticket to Ride: 10th Anniversary,2014.0,5355,edition_extended,remove,edition_deluxe_title_clean_duplicate_keep_more_popular (designer_identical;weight_within_0.2;families_identical;title_levenshtein_0),9209.0,False
165838,Space Hulk (Fourth Edition),2014.0,1734,edition_extended,remove,edition_deluxe_title_clean_duplicate_keep_more_popular (year_within_5;weight_within_0.2;families_identical;mechanics_identical;title_levenshtein_0),54625.0,False
171630,Drakon (Fourth Edition),2015.0,1096,edition_extended,remove,edition_deluxe_title_clean_duplicate_keep_more_popular (designer_identical;weight_within_0.4;families_identical;mechanics_identical;title_levenshtein_0),23107.0,False
172307,The Game of Life (2013- Editions),2013.0,584,edition_extended,remove,edition_deluxe_title_clean_duplicate_keep_more_popular (weight_within_0.2;families_identical;title_levenshtein_0),2921.0,False
173637,Monopoly:  80th Anniversary Edition,2015.0,165,edition_extended,remove,edition_deluxe_title_clean_duplicate_keep_more_popular (weight_within_0.4;families_identical;mechanics_identical;title_levenshtein_0),7098.0,False
193670,Darkest Night: Second Edition,2018.0,708,edition_extended,remove,edition_deluxe_title_clean_duplicate_keep_more_popular (designer_identical;weight_within_0.4;families_identical;title_levenshtein_0),128445.0,False
195503,City of Iron: Second Edition,2016.0,1275,edition_extended,remove,edition_deluxe_title_clean_duplicate_keep_more_popular (designer_identical;year_within_5;weight_within_0.2;title_levenshtein_0),123499.0,False
196326,Love Letter: Premium Edition,2016.0,6017,edition_extended,remove,edition_deluxe_title_clean_duplicate_keep_more_popular (year_within_5;weight_within_0.2;families_identical;title_levenshtein_0),129622.0,False
196712,Battlestations: Second Edition,2017.0,254,edition_extended,remove,edition_deluxe_title_clean_duplicate_keep_more_popular (designer_identical;weight_within_0.4;families_identical;title_levenshtein_0),12350.0,False
213984,Notre Dame: 10th Anniversary,2017.0,2360,edition_extended,remove,edition_deluxe_title_clean_duplicate_keep_more_popular (designer_identical;weight_within_0.4;families_identical;title_levenshtein_0),25554.0,False
214000,In the Year of the Dragon: 10th Anniversary,2017.0,2100,edition_extended,remove,edition_deluxe_title_clean_duplicate_keep_more_popular (designer_identical;weight_within_0.2;families_similar;title_levenshtein_0),31594.0,False
229892,Container: 10th Anniversary Jumbo Edition!,2018.0,2070,edition_extended,remove,edition_deluxe_title_clean_duplicate_keep_more_popular (weight_within_0.4;families_identical;title_levenshtein_0),26990.0,False
242722,Here I Stand: 500th Anniversary Edition,2017.0,1181,edition_extended,remove,edition_deluxe_title_clean_duplicate_keep_more_popular (designer_identical;weight_within_0.4;families_similar;title_levenshtein_0),17392.0,False
253149,Wok Star (3rd Edition),2018.0,178,edition_extended,remove,edition_deluxe_title_clean_duplicate_keep_more_popular (weight_within_0.2;mechanics_identical;title_levenshtein_0),71655.0,False
257089,Big Trouble in Little China: The Game – Deluxe Edition,2018.0,141,edition_extended,remove,edition_deluxe_title_clean_duplicate_keep_more_popular (designer_identical;year_within_1;weight_within_0.2;families_similar;title_levenshtein_0),204286.0,False
260126,New Salem: Second Edition,2019.0,102,edition_extended,remove,edition_deluxe_title_clean_duplicate_keep_more_popular (designer_identical;year_within_5;weight_within_0.2;families_identical;mechanics_identical;title_levenshtein_0),161757.0,False
261424,Big City: 20th Anniversary Jumbo Edition!,2019.0,329,edition_extended,remove,edition_deluxe_title_clean_duplicate_keep_more_popular (designer_identical;weight_within_0.4;title_levenshtein_0),70.0,False
268098,Warhammer: The Game of Fantasy Battles (7th Edition),2006.0,101,edition_extended,remove,edition_deluxe_title_clean_duplicate_keep_more_popular (year_within_5;families_identical;title_levenshtein_0),130552.0,False
268159,Warhammer: The Game of Fantasy Battles (6th Edition),2000.0,180,edition_extended,remove,edition_deluxe_title_clean_duplicate_keep_more_popular (weight_within_0.2;families_identical;title_levenshtein_0),130552.0,False
268183,Warhammer: The Game of Fantasy Battles (5th Edition),1996.0,101,edition_extended,remove,edition_deluxe_title_clean_duplicate_keep_more_popular (families_identical;title_levenshtein_0),130552.0,False
274466,Valley of the Kings: Premium Edition,2019.0,1310,edition_extended,remove,edition_deluxe_title_clean_duplicate_keep_more_popular (designer_identical;year_within_5;weight_within_0.2;families_identical;title_levenshtein_0),150999.0,False
276502,Roads & Boats: 20th Anniversary Edition,2019.0,513,edition_extended,remove,edition_deluxe_title_clean_duplicate_keep_more_popular (designer_identical;weight_within_0.2;mechanics_identical;title_levenshtein_0),875.0,False
281073,Cat Lady: Premium Edition,2019.0,477,edition_extended,remove,edition_deluxe_title_clean_duplicate_keep_more_popular (designer_identical;year_within_5;weight_within_0.2;mechanics_identical;title_levenshtein_0),228504.0,False
291828,Car Wars (Sixth Edition),2021.0,180,edition_extended,remove,edition_deluxe_title_clean_duplicate_keep_more_popular (families_identical;title_levenshtein_0),2795.0,False
295260,It's a Wonderful World: Heritage Edition,2019.0,921,edition_extended,remove,edition_deluxe_title_clean_duplicate_keep_more_popular (designer_identical;year_within_1;weight_within_0.2;families_identical;title_levenshtein_0),271324.0,False
299971,Island Siege: Second Edition,2021.0,125,edition_extended,remove,edition_deluxe_title_clean_duplicate_keep_more_popular (designer_identical;weight_within_0.4;families_similar;mechanics_identical;title_levenshtein_0),133405.0,False
305668,Catan: 25th Anniversary Edition,2020.0,282,edition_extended,remove,edition_deluxe_title_clean_duplicate_keep_more_popular (designer_identical;weight_within_0.2;families_identical;title_levenshtein_0),13.0,False
313010,Cosmic Encounter: 42nd Anniversary Edition,2018.0,1360,edition_extended,remove,edition_deluxe_title_clean_duplicate_keep_more_popular (designer_identical;weight_within_0.2;families_identical;mechanics_identical;title_levenshtein_0),39463.0,False
317519,Frostgrave: Second Edition,2020.0,302,edition_extended,remove,edition_deluxe_title_clean_duplicate_keep_more_popular (designer_identical;year_within_5;weight_within_0.2;families_identical;mechanics_identical;title_levenshtein_0),177354.0,False
321757,Monza 20th Anniversary,2020.0,188,edition_extended,remove,edition_deluxe_title_clean_duplicate_keep_more_popular (designer_identical;weight_within_0.2;title_levenshtein_0),4209.0,False
327890,Creature Comforts (Kickstarter Edition),2022.0,932,edition_extended,remove,edition_deluxe_title_clean_duplicate_keep_more_popular (designer_identical;year_within_1;weight_within_0.2;title_levenshtein_0),304051.0,False
329841,Ticket to Ride: Europe – 15th Anniversary,2021.0,4003,edition_extended,remove,edition_deluxe_title_clean_duplicate_keep_more_popular (designer_identical;weight_within_0.2;families_identical;title_levenshtein_0),14996.0,False
329954,Carcassonne: 20th Anniversary Edition,2021.0,2589,edition_extended,remove,edition_deluxe_title_clean_duplicate_keep_more_popular (designer_identical;weight_within_0.2;families_identical;title_levenshtein_0),822.0,False
333144,Stronghold: Undead (Second Edition),2021.0,146,edition_extended,remove,edition_deluxe_title_clean_duplicate_keep_more_popular (designer_identical;year_within_1;families_similar;mechanics_identical;title_levenshtein_0),206593.0,False
334310,Hellboy: The Board Game – Deluxe Edition,2019.0,160,edition_extended,remove,edition_deluxe_title_clean_duplicate_keep_more_popular (designer_identical;year_within_1;weight_within_0.4;families_identical;mechanics_identical;title_levenshtein_0),243759.0,False
334931,Robinson Crusoe: Adventures on the Cursed Island – Collector's Edition (Gamefound Edition),2024.0,591,edition_extended,remove,edition_deluxe_title_clean_duplicate_keep_more_popular (designer_identical;weight_within_0.2;families_identical;title_levenshtein_0),121921.0,False
341080,Warhammer Age of Sigmar (Third Edition): Core Book,2021.0,117,edition_extended,remove,edition_deluxe_title_clean_duplicate_keep_more_popular (designer_identical;year_within_5;title_levenshtein_0),256422.0,False
341169,Great Western Trail: Second Edition,2021.0,14309,edition_extended,remove,edition_deluxe_title_clean_duplicate_keep_more_popular (designer_identical;year_within_5;weight_within_0.2;families_identical;title_levenshtein_0),193738.0,False
351605,Bohnanza: 25th Anniversary Edition,2022.0,1411,edition_extended,remove,edition_deluxe_title_clean_duplicate_keep_more_popular (designer_identical;weight_within_0.2;families_identical;title_levenshtein_0),11.0,False
354568,Amun-Re: 20th Anniversary Edition,2023.0,679,edition_extended,remove,edition_deluxe_title_clean_duplicate_keep_more_popular (designer_identical;weight_within_0.2;families_similar;title_levenshtein_0),5404.0,False
357028,Dungeon Fighter: Second Edition,2021.0,1356,edition_extended,remove,edition_deluxe_title_clean_duplicate_keep_more_popular (designer_identical;weight_within_0.2;families_identical;title_levenshtein_0),102548.0,False
357813,51st State: Ultimate Edition (Gamefound Edition),2023.0,98,edition_extended,remove,edition_deluxe_title_clean_duplicate_keep_more_popular (year_within_1;weight_within_0.2;families_identical;title_levenshtein_0),357726.0,False
358808,Smash Up: 10th Anniversary,2022.0,118,edition_extended,remove,edition_deluxe_title_clean_duplicate_keep_more_popular (designer_identical;weight_within_0.4;families_identical;title_levenshtein_0),122522.0,False
361284,Sleeping Gods: Distant Skies (Gamefound Edition),2023.0,127,edition_extended,remove,edition_deluxe_title_clean_duplicate_keep_more_popular (designer_identical;year_within_1;families_identical;title_levenshtein_0),358320.0,False
366012,Henchmania: Second Edition,2024.0,65,edition_extended,remove,edition_deluxe_title_clean_duplicate_keep_more_popular (designer_identical;weight_within_0.2;mechanics_identical;title_levenshtein_0),204817.0,False
369103,Dead by Daylight: The Board Game – Collector's Edition,2023.0,193,edition_extended,remove,edition_deluxe_title_clean_duplicate_keep_more_popular (designer_identical;year_within_1;mechanics_identical;title_levenshtein_0),358246.0,False
371486,Tainted Grail: Kings of Ruin (Gamefound Edition),2024.0,37,edition_extended,remove,edition_deluxe_title_clean_duplicate_keep_more_popular (year_within_1;weight_within_0.4;families_identical;title_levenshtein_0),360366.0,False
371956,Fall of the Mountain King (Kickstarter Edition),2022.0,135,edition_extended,remove,edition_deluxe_title_clean_duplicate_keep_more_popular (designer_identical;year_within_1;weight_within_0.2;families_similar;title_levenshtein_0),334829.0,False
372343,Eleven: Football Manager Board Game (Gamefound Edition),2022.0,92,edition_extended,remove,edition_deluxe_title_clean_duplicate_keep_more_popular (designer_identical;year_within_1;weight_within_0.2;families_identical;mechanics_identical;title_levenshtein_0),329716.0,False
373597,The Witcher: Old World – Big Box,2023.0,136,edition_extended,remove,edition_deluxe_title_clean_duplicate_keep_more_popular (designer_identical;year_within_1;weight_within_0.4;title_levenshtein_0),331106.0,False
378877,Power Plants (Kickstarter Edition),2022.0,135,edition_extended,remove,edition_deluxe_title_clean_duplicate_keep_more_popular (designer_identical;year_within_1;weight_within_0.4;families_similar;mechanics_identical;title_levenshtein_0),341974.0,False
381715,Teotihuacan: City of Gods – Deluxe Master Set,2024.0,307,edition_extended,remove,edition_deluxe_title_clean_duplicate_keep_more_popular (designer_identical;weight_within_0.2;families_identical;title_levenshtein_0),229853.0,False
385643,Paperback: 10th Anniversary Edition,2024.0,156,edition_extended,remove,edition_deluxe_title_clean_duplicate_keep_more_popular (designer_identical;weight_within_0.4;title_levenshtein_0),141572.0,False
390478,Gloomhaven: Second Edition,2025.0,143,edition_extended,remove,edition_deluxe_title_clean_duplicate_keep_more_popular (weight_within_0.2;families_identical;title_levenshtein_0),174430.0,False
391288,Firefly: The Game – 10th Anniversary Collector's Edition,2024.0,345,edition_extended,remove,edition_deluxe_title_clean_duplicate_keep_more_popular (weight_within_0.2;families_identical;mechanics_identical;title_levenshtein_0),138161.0,False
406321,Take 5: 30th Anniversary Edition,2024.0,256,edition_extended,remove,edition_deluxe_title_clean_duplicate_keep_more_popular (designer_identical;weight_within_0.4;families_identical;title_levenshtein_0),432.0,False
410292,Hunted: Kobayashi Tower (2nd Edition),2024.0,76,edition_extended,remove,edition_deluxe_title_clean_duplicate_keep_more_popular (designer_identical;year_within_5;weight_within_0.2;families_identical;mechanics_identical;title_levenshtein_0),289566.0,False
417219,I C E: Second Edition,2026.0,26,edition_extended,remove,edition_deluxe_title_clean_duplicate_keep_more_popular (designer_identical;year_within_5;weight_within_0.2;title_levenshtein_0),306482.0,False
420240,Hunted: Mining Colony 415 (2nd Edition),2024.0,48,edition_extended,remove,edition_deluxe_title_clean_duplicate_keep_more_popular (designer_identical;year_within_5;families_identical;title_levenshtein_0),289565.0,False
420361,Trekking the World: Second Edition,2024.0,248,edition_extended,remove,edition_deluxe_title_clean_duplicate_keep_more_popular (year_within_5;weight_within_0.2;title_levenshtein_0),300442.0,False
421529,Barony (Royal Edition),2025.0,10,edition_extended,remove,edition_deluxe_title_clean_duplicate_keep_more_popular (designer_identical;weight_within_0.2;title_levenshtein_0),167513.0,False
422426,Foundations of Rome (Maximus Edition),2024.0,42,edition_extended,remove,edition_deluxe_title_clean_duplicate_keep_more_popular (designer_identical;year_within_5;weight_within_0.2;mechanics_identical;title_levenshtein_0),284189.0,False
424972,Sushi Go! 10th Anniversary Edition,2024.0,67,edition_extended,remove,edition_deluxe_title_clean_duplicate_keep_more_popular (designer_identical;weight_within_0.2;families_identical;mechanics_identical;title_levenshtein_0),133473.0,False
425064,Kingsburg (Third Edition),2024.0,28,edition_extended,remove,edition_deluxe_title_clean_duplicate_keep_more_popular (designer_identical;weight_within_0.4;mechanics_identical;title_levenshtein_0),199966.0,False
426275,Dungeon Kart (Gold Tier Kickstarter Edition),2024.0,50,edition_extended,remove,edition_deluxe_title_clean_duplicate_keep_more_popular (designer_identical;year_within_1;weight_within_0.2;families_identical;title_levenshtein_0),398032.0,False
426467,Trekking the National Parks: Third Edition,2024.0,44,edition_extended,remove,edition_deluxe_title_clean_duplicate_keep_more_popular (designer_identical;weight_within_0.2;families_similar;mechanics_identical;title_levenshtein_0),255708.0,False
432392,Tales of the Arabian Nights: 40th Anniversary,2026.0,0,edition_extended,remove,edition_deluxe_title_clean_duplicate_keep_more_popular (weight_within_0.2;title_levenshtein_0),34119.0,False
59061,Drakon,2001.0,173,reprint_alternate_version,remove,reprint_title_lev≤2_designer_year±1_families_identical (lv=2),61269.0,False
10653,Pirates of the Spanish Main,2004.0,2696,alternate_language,retain,intentionally_retained_language_version_distinct_or_no_corroboration,,False
113873,"The Hunters: German U-Boats at War, 1939-43",2013.0,1678,alternate_language,retain,intentionally_retained_language_version_distinct_or_no_corroboration,,False
133038,Pathfinder Adventure Card Game: Rise of the Runelords – Base Set,2013.0,12291,base_set,retain,"intentionally_retained_base_set_distinct_campaign (Pathfinder Adventure Card Game, distinct content)",,False
151007,Pathfinder Adventure Card Game: Skull & Shackles – Base Set,2014.0,2634,base_set,retain,"intentionally_retained_base_set_distinct_campaign (Pathfinder Adventure Card Game, distinct content)",133038.0,False
187687,Pathfinder Adventure Card Game: Mummy's Mask – Base Set,2016.0,592,base_set,retain,"intentionally_retained_base_set_distinct_campaign (Pathfinder Adventure Card Game, distinct content)",133038.0,False
4745,Battlecards: World Conflict – Western European Campaign: Starter Set,2002.0,154,base_set_starter_set,retain,intentionally_retained_starter_set_distinct_design,,False
94902,Dungeons & Dragons Starter Set,2008.0,556,base_set_starter_set,retain,intentionally_retained_starter_set_distinct_design,,False
107148,Wings of Glory: WW2 Starter Set,2012.0,303,base_set_starter_set,retain,intentionally_retained_starter_set_distinct_design,,False
140951,Thunderstone: Starter Set,2013.0,890,base_set_starter_set,retain,intentionally_retained_starter_set_distinct_design,,False
195242,Tanks: Panther vs Sherman Starter Set,2016.0,341,base_set_starter_set,retain,intentionally_retained_starter_set_distinct_design,,False
202096,Marvel Dice Masters: Iron Man and War Machine Starter Set,2017.0,111,base_set_starter_set,retain,intentionally_retained_starter_set_distinct_design,,False
215436,Codex: Card-Time Strategy – Starter Set,2016.0,158,base_set_starter_set,retain,intentionally_retained_starter_set_distinct_design,,False
216630,Traveller Customizable Card Game: Two Player Starter Set,2017.0,92,base_set_starter_set,retain,intentionally_retained_starter_set_distinct_design,,False
216710,Wings of Glory: WW2 Battle of Britain Starter Set,2017.0,184,base_set_starter_set,retain,intentionally_retained_starter_set_distinct_design,,False
223376,A Song of Ice & Fire: Tabletop Miniatures Game – Stark vs Lannister Starter Set,2018.0,968,base_set_starter_set,retain,intentionally_retained_starter_set_distinct_design,,False
250821,Battlestar Galactica: Starship Battles – Starter Set,2018.0,266,base_set_starter_set,retain,intentionally_retained_starter_set_distinct_design,,False
276925,Warhammer Age of Sigmar: Warcry Starter Set,2019.0,570,base_set_starter_set,retain,intentionally_retained_starter_set_distinct_design,,False
337397,Warhammer Underworlds: Two-Player Starter Set,2021.0,117,base_set_starter_set,retain,intentionally_retained_starter_set_distinct_design,,False
386835,Final Girl: Starter Set,2023.0,64,base_set_starter_set,retain,intentionally_retained_starter_set_distinct_design,,False
19616,Monopoly: Vintage Game Collection,2005.0,132,bundle_collection,retain,intentionally_retained_bundle_distinct_or_no_base_in_population,,False
31759,BattleTech: Introductory Box Set,2002.0,882,bundle_collection,retain,intentionally_retained_bundle_distinct_or_no_base_in_population,,False
153703,Darkest Night: Necromancer Bundle,2013.0,117,bundle_collection,retain,intentionally_retained_bundle_distinct_or_no_base_in_population,,False
251349,Miskatonic University: The Restricted Collection,2019.0,324,bundle_collection,retain,intentionally_retained_bundle_distinct_or_no_base_in_population,,False
251551,Dale of Merchants Collection,2019.0,1212,bundle_collection,retain,intentionally_retained_bundle_distinct_or_no_base_in_population,,False
351809,Stick Collection,2021.0,141,bundle_collection,retain,intentionally_retained_bundle_distinct_or_no_base_in_population,,False
361918,BattleTech: Alpha Strike Box Set,2022.0,113,bundle_collection,retain,intentionally_retained_bundle_distinct_or_no_base_in_population,,False
391720,The String Railway Collection,2025.0,70,bundle_collection,retain,intentionally_retained_bundle_distinct_or_no_base_in_population,,False
393871,Shards of Infinity: Saga Collection,2025.0,64,bundle_collection,retain,intentionally_retained_bundle_distinct_or_no_base_in_population,,False
423586,Tussie Mussie: Complete Collection,2024.0,21,bundle_collection,retain,intentionally_retained_bundle_distinct_or_no_base_in_population,,False
15,Cosmic Encounter,1977.0,3862,duplicate_title_clean,retain,intentionally_retained_duplicate_distinct_designer,39463.0,False
34,Arkham Horror,1987.0,541,duplicate_title_clean,retain,intentionally_retained_duplicate_distinct_designer,15987.0,False
97,Conquest of the Empire,1984.0,1021,duplicate_title_clean,retain,intentionally_retained_duplicate_distinct_designer,17710.0,False
121,Dune,1979.0,5716,duplicate_title_clean,retain,"intentionally_retained_duplicate_moderate_not_strict (year_close=False, fam_identical=False, lv=0)",283355.0,False
304,Evergreen,1999.0,364,duplicate_title_clean,retain,intentionally_retained_duplicate_distinct_designer,363307.0,False
414,Around the World in 80 Days,1986.0,341,duplicate_title_clean,retain,intentionally_retained_duplicate_distinct_designer,12005.0,False
426,The Battle of the Bulge,1981.0,408,duplicate_title_clean,retain,intentionally_retained_duplicate_distinct_designer,16444.0,False
565,Port Royal,2000.0,153,duplicate_title_clean,retain,intentionally_retained_duplicate_distinct_designer,156009.0,False
571,Papua,1992.0,96,duplicate_title_clean,retain,intentionally_retained_duplicate_distinct_designer,255034.0,False
573,Grand Prix,1975.0,94,duplicate_title_clean,retain,intentionally_retained_duplicate_distinct_designer,163163.0,False
680,Dune,1984.0,353,duplicate_title_clean,retain,intentionally_retained_duplicate_distinct_designer,283355.0,False
690,Singapore,1984.0,101,duplicate_title_clean,retain,intentionally_retained_duplicate_distinct_designer,103235.0,False
711,Elfenroads,1992.0,306,duplicate_title_clean,retain,"intentionally_retained_duplicate_moderate_not_strict (year_close=False, fam_identical=False, lv=0)",180325.0,False
716,Pizza Party,1987.0,153,duplicate_title_clean,retain,intentionally_retained_duplicate_distinct_designer,144579.0,False
731,Escape from New York,1981.0,101,duplicate_title_clean,retain,intentionally_retained_duplicate_distinct_designer,362723.0,False
736,San Francisco,2000.0,328,duplicate_title_clean,retain,intentionally_retained_duplicate_distinct_designer,357271.0,False
741,Trajan,1991.0,124,duplicate_title_clean,retain,intentionally_retained_duplicate_distinct_designer,102680.0,False
788,Tales of the Arabian Nights,1985.0,815,duplicate_title_clean,retain,intentionally_retained_duplicate_distinct_designer,34119.0,False
859,Illuminati,1982.0,2613,duplicate_title_clean,retain,"intentionally_retained_duplicate_moderate_not_strict (year_close=False, fam_identical=False, lv=0)",28.0,False
927,Lift Off,2000.0,166,duplicate_title_clean,retain,intentionally_retained_duplicate_distinct_designer,260757.0,False
954,Pony Express,1991.0,125,duplicate_title_clean,retain,intentionally_retained_duplicate_distinct_designer,42490.0,False
1017,Fresh Fish,1997.0,995,duplicate_title_clean,retain,"intentionally_retained_duplicate_moderate_not_strict (year_close=False, fam_identical=False, lv=0)",164698.0,False
1143,Warrior Knights,1985.0,571,duplicate_title_clean,retain,intentionally_retained_duplicate_distinct_designer,22038.0,False
1205,Luxor,2001.0,309,duplicate_title_clean,retain,intentionally_retained_duplicate_distinct_designer,245643.0,False
1225,Quest,1984.0,154,duplicate_title_clean,retain,intentionally_retained_duplicate_distinct_designer,316287.0,False
1323,Cry Havoc,1981.0,726,duplicate_title_clean,retain,intentionally_retained_duplicate_distinct_designer,192457.0,False
1346,Crazy Race,2001.0,152,duplicate_title_clean,retain,intentionally_retained_duplicate_distinct_designer,217176.0,False
1352,Bali,2001.0,250,duplicate_title_clean,retain,intentionally_retained_duplicate_distinct_designer,233956.0,False
1373,Midway,1991.0,183,duplicate_title_clean,retain,intentionally_retained_duplicate_distinct_designer,2250.0,False
1437,Trust Me,1981.0,131,duplicate_title_clean,retain,intentionally_retained_duplicate_distinct_designer,426230.0,False
1555,Dungeon Dice,1977.0,437,duplicate_title_clean,retain,intentionally_retained_duplicate_distinct_designer,136192.0,False
1713,Maharaja,1994.0,483,duplicate_title_clean,retain,intentionally_retained_duplicate_distinct_designer,298378.0,False
1898,Friesematenten,1998.0,146,duplicate_title_clean,retain,"intentionally_retained_duplicate_moderate_not_strict (year_close=False, fam_identical=False, lv=0)",82402.0,False
1960,Last Word,1985.0,119,duplicate_title_clean,retain,intentionally_retained_duplicate_distinct_designer,17709.0,False
2043,Shogun,1976.0,596,duplicate_title_clean,retain,intentionally_retained_duplicate_distinct_designer,20551.0,False
2088,Coup,1975.0,156,duplicate_title_clean,retain,intentionally_retained_duplicate_distinct_designer,131357.0,False
2132,Guardians,1995.0,275,duplicate_title_clean,retain,intentionally_retained_duplicate_distinct_designer,256159.0,False
2133,Rage,1995.0,575,duplicate_title_clean,retain,intentionally_retained_duplicate_distinct_designer,568.0,False
2214,Saga,1980.0,162,duplicate_title_clean,retain,intentionally_retained_duplicate_distinct_designer,9202.0,False
2228,War of the Ring,1977.0,981,duplicate_title_clean,retain,intentionally_retained_duplicate_distinct_designer,9609.0,False
2275,Airlines,1998.0,171,duplicate_title_clean,retain,intentionally_retained_duplicate_distinct_designer,43.0,False
2348,Lotus,1998.0,233,duplicate_title_clean,retain,intentionally_retained_duplicate_distinct_designer,198525.0,False
2409,Duell,1975.0,282,duplicate_title_clean,retain,intentionally_retained_duplicate_distinct_designer,9735.0,False
2431,Bargain Hunter,1981.0,176,duplicate_title_clean,retain,intentionally_retained_duplicate_distinct_designer,338.0,False
2518,Quicksand,1989.0,152,duplicate_title_clean,retain,intentionally_retained_duplicate_distinct_designer,6738.0,False
2553,Bali,1954.0,186,duplicate_title_clean,retain,intentionally_retained_duplicate_distinct_designer,233956.0,False
2707,Alibi,2001.0,123,duplicate_title_clean,retain,intentionally_retained_duplicate_distinct_designer,1417.0,False
2763,Touché,1977.0,236,duplicate_title_clean,retain,intentionally_retained_duplicate_distinct_designer,5709.0,False
2775,The Battle of Five Armies,1984.0,120,duplicate_title_clean,retain,intentionally_retained_duplicate_distinct_designer,135219.0,False
2816,Crossfire,1971.0,538,duplicate_title_clean,retain,intentionally_retained_duplicate_distinct_designer,230059.0,False
2946,Pipeline,1993.0,171,duplicate_title_clean,retain,intentionally_retained_duplicate_distinct_designer,256730.0,False
3015,Claim,1983.0,190,duplicate_title_clean,retain,intentionally_retained_duplicate_distinct_designer,233961.0,False
3099,Gettysburg,1958.0,335,duplicate_title_clean,retain,intentionally_retained_duplicate_distinct_designer,1575.0,False
3170,Horus Heresy,1993.0,214,duplicate_title_clean,retain,intentionally_retained_duplicate_distinct_designer,63543.0,False
3463,Wizard,1978.0,444,duplicate_title_clean,retain,intentionally_retained_duplicate_distinct_designer,1465.0,False
3464,Melee,1977.0,603,duplicate_title_clean,retain,intentionally_retained_duplicate_distinct_designer,165657.0,False
3855,Crimson Skies,1998.0,359,duplicate_title_clean,retain,intentionally_retained_duplicate_distinct_designer,6551.0,False
3889,Ali Baba,2002.0,174,duplicate_title_clean,retain,intentionally_retained_duplicate_distinct_designer,233960.0,False
3965,Snapshot,1979.0,156,duplicate_title_clean,retain,intentionally_retained_duplicate_distinct_designer,66116.0,False
4217,Alexandros,1991.0,109,duplicate_title_clean,retain,intentionally_retained_duplicate_distinct_designer,8273.0,False
4282,Greed,1984.0,469,duplicate_title_clean,retain,intentionally_retained_duplicate_distinct_designer,151247.0,False
4562,Mogul,2002.0,608,duplicate_title_clean,retain,"intentionally_retained_duplicate_moderate_not_strict (year_close=False, fam_identical=False, lv=0)",174744.0,False
4724,The Lord of the Rings: The Fellowship of the Ring,2002.0,230,duplicate_title_clean,retain,intentionally_retained_duplicate_distinct_designer,3563.0,False
4892,Dragon Strike,2002.0,194,duplicate_title_clean,retain,intentionally_retained_duplicate_distinct_designer,1149.0,False
5178,Marrakesh,2002.0,190,duplicate_title_clean,retain,intentionally_retained_duplicate_distinct_designer,342810.0,False
5447,Wealth of Nations,1975.0,317,duplicate_title_clean,retain,intentionally_retained_duplicate_distinct_designer,32666.0,False
5554,Vampire,2003.0,130,duplicate_title_clean,retain,intentionally_retained_duplicate_distinct_designer,497.0,False
5755,Guadalcanal,1966.0,159,duplicate_title_clean,retain,intentionally_retained_duplicate_distinct_designer,1375.0,False
6646,Excalibur,1989.0,327,duplicate_title_clean,retain,intentionally_retained_duplicate_distinct_designer,434172.0,False
6902,Tetris,1989.0,93,duplicate_title_clean,retain,intentionally_retained_duplicate_distinct_designer,342016.0,False
6909,Fief,1984.0,93,duplicate_title_clean,retain,"intentionally_retained_duplicate_moderate_not_strict (year_close=False, fam_identical=False, lv=0)",107704.0,False
6914,Beda Fomm,1979.0,103,duplicate_title_clean,retain,"intentionally_retained_duplicate_moderate_not_strict (year_close=False, fam_identical=False, lv=0)",72941.0,False
6926,Viking Raiders,1987.0,128,duplicate_title_clean,retain,intentionally_retained_duplicate_distinct_designer,331408.0,False
7048,Big Top,2003.0,107,duplicate_title_clean,retain,intentionally_retained_duplicate_distinct_designer,369899.0,False
7464,Battleship: Card Game,2002.0,183,duplicate_title_clean,retain,intentionally_retained_duplicate_distinct_designer,120580.0,False
7553,Babylon,2003.0,305,duplicate_title_clean,retain,intentionally_retained_duplicate_distinct_designer,418354.0,False
7563,Jaws,1975.0,127,duplicate_title_clean,retain,intentionally_retained_duplicate_distinct_designer,272738.0,False
7771,En Garde!,1975.0,122,duplicate_title_clean,retain,intentionally_retained_duplicate_distinct_designer,18963.0,False
7822,Buffy the Vampire Slayer: The Board Game,2000.0,155,duplicate_title_clean,retain,intentionally_retained_duplicate_distinct_designer,203102.0,False
7993,Pole Position,1989.0,130,duplicate_title_clean,retain,intentionally_retained_duplicate_distinct_designer,312675.0,False
8671,Terra,2003.0,519,duplicate_title_clean,retain,intentionally_retained_duplicate_distinct_designer,153507.0,False
9619,Ex Libris,1991.0,100,duplicate_title_clean,retain,intentionally_retained_duplicate_distinct_designer,201825.0,False
9963,Santorini,2004.0,380,duplicate_title_clean,retain,"intentionally_retained_duplicate_moderate_not_strict (year_close=False, fam_identical=False, lv=0)",194655.0,False
10093,Axis & Allies,2004.0,5698,duplicate_title_clean,retain,intentionally_retained_duplicate_distinct_designer,98.0,False
10323,Saga,2003.0,148,duplicate_title_clean,retain,intentionally_retained_duplicate_distinct_designer,9202.0,False
10946,The American Civil War,1974.0,138,duplicate_title_clean,retain,intentionally_retained_duplicate_distinct_designer,2749.0,False
13375,Submarine,2004.0,430,duplicate_title_clean,retain,intentionally_retained_duplicate_distinct_designer,3083.0,False
16052,Merlin,1978.0,101,duplicate_title_clean,retain,intentionally_retained_duplicate_distinct_designer,230933.0,False
16538,The Battle of Five Armies,2005.0,121,duplicate_title_clean,retain,intentionally_retained_duplicate_distinct_designer,135219.0,False
17623,Inferno,2005.0,255,duplicate_title_clean,retain,intentionally_retained_duplicate_distinct_designer,393165.0,False
18833,Lord of the Rings: The Confrontation,2005.0,6423,duplicate_title_clean,retain,intentionally_retained_duplicate_distinct_designer,3201.0,False
20022,Terra Nova,2006.0,1790,duplicate_title_clean,retain,intentionally_retained_duplicate_distinct_designer,364186.0,False
20031,Ahoy,2005.0,165,duplicate_title_clean,retain,intentionally_retained_duplicate_distinct_designer,359402.0,False
24985,Mouse Trap,2004.0,501,duplicate_title_clean,retain,intentionally_retained_duplicate_distinct_designer,2679.0,False
25749,Gangster,2006.0,132,duplicate_title_clean,retain,intentionally_retained_duplicate_distinct_designer,31621.0,False
32245,Fortuna,1984.0,119,duplicate_title_clean,retain,intentionally_retained_duplicate_distinct_designer,80979.0,False
33071,Master Labyrinth,2007.0,311,duplicate_title_clean,retain,"intentionally_retained_duplicate_moderate_not_strict (year_close=False, fam_identical=False, lv=0)",437.0,False
33292,Operation,2005.0,82,duplicate_title_clean,retain,intentionally_retained_duplicate_distinct_designer,3737.0,False
34958,Six,2008.0,115,duplicate_title_clean,retain,intentionally_retained_duplicate_distinct_designer,20195.0,False
36231,Rorschach,2008.0,169,duplicate_title_clean,retain,intentionally_retained_duplicate_distinct_designer,326804.0,False
36887,Waterloo,2009.0,403,duplicate_title_clean,retain,intentionally_retained_duplicate_distinct_designer,5296.0,False
37345,Circus Maximus,2008.0,211,duplicate_title_clean,retain,intentionally_retained_duplicate_distinct_designer,244.0,False
38657,Cities,2008.0,1222,duplicate_title_clean,retain,intentionally_retained_duplicate_distinct_designer,402676.0,False
38924,Amerigo,2008.0,154,duplicate_title_clean,retain,intentionally_retained_duplicate_distinct_designer,137408.0,False
40529,Cosmic Encounter,1991.0,1048,duplicate_title_clean,retain,intentionally_retained_duplicate_distinct_designer,39463.0,False
40531,Cosmic Encounter,2000.0,1349,duplicate_title_clean,retain,intentionally_retained_duplicate_distinct_designer,39463.0,False
41372,Zombie in My Pocket,2010.0,532,duplicate_title_clean,retain,"intentionally_retained_duplicate_moderate_not_strict (year_close=False, fam_identical=False, lv=0)",33468.0,False
42131,War of the Ring,2009.0,123,duplicate_title_clean,retain,intentionally_retained_duplicate_distinct_designer,9609.0,False
43856,Chronology,2008.0,128,duplicate_title_clean,retain,intentionally_retained_duplicate_distinct_designer,834.0,False
53103,Aladdin's Dragons,2009.0,232,duplicate_title_clean,retain,"intentionally_retained_duplicate_moderate_not_strict (year_close=False, fam_identical=False, lv=0)",492.0,False
57201,Greedy Kingdoms,2009.0,118,duplicate_title_clean,retain,intentionally_retained_duplicate_distinct_designer,253470.0,False
65582,Regatta,2010.0,261,duplicate_title_clean,retain,intentionally_retained_duplicate_distinct_designer,766.0,False
65825,Gettysburg,2010.0,314,duplicate_title_clean,retain,intentionally_retained_duplicate_distinct_designer,1575.0,False
72269,Toscana,2010.0,205,duplicate_title_clean,retain,intentionally_retained_duplicate_distinct_designer,1701.0,False
72799,Battle for Stalingrad,2014.0,156,duplicate_title_clean,retain,intentionally_retained_duplicate_distinct_designer,8887.0,False
72809,Barbarossa,2010.0,632,duplicate_title_clean,retain,intentionally_retained_duplicate_distinct_designer,550.0,False
77076,Loch Ness,2010.0,267,duplicate_title_clean,retain,intentionally_retained_duplicate_distinct_designer,85243.0,False
82397,Genesis,2010.0,306,duplicate_title_clean,retain,intentionally_retained_duplicate_distinct_designer,23981.0,False
82702,Funfair,2010.0,281,duplicate_title_clean,retain,intentionally_retained_duplicate_distinct_designer,315881.0,False
94724,The Big Idea,2011.0,324,duplicate_title_clean,retain,"intentionally_retained_duplicate_moderate_not_strict (year_close=False, fam_identical=True, lv=0)",696.0,False
98443,Dark Horse,2012.0,288,duplicate_title_clean,retain,intentionally_retained_duplicate_distinct_designer,158356.0,False
101865,Saga,2011.0,328,duplicate_title_clean,retain,intentionally_retained_duplicate_distinct_designer,9202.0,False
108687,Puerto Rico,2011.0,5631,duplicate_title_clean,retain,"intentionally_retained_duplicate_moderate_not_strict (year_close=False, fam_identical=False, lv=0)",3076.0,False
115293,Fortress America,2012.0,926,duplicate_title_clean,retain,"intentionally_retained_duplicate_moderate_not_strict (year_close=False, fam_identical=False, lv=0)",99.0,False
118177,Connections,2012.0,139,duplicate_title_clean,retain,intentionally_retained_duplicate_distinct_designer,3370.0,False
118950,Mafia,2012.0,116,duplicate_title_clean,retain,intentionally_retained_duplicate_distinct_designer,32471.0,False
124356,Richelieu,2012.0,152,duplicate_title_clean,retain,intentionally_retained_duplicate_distinct_designer,5795.0,False
129417,Scotland Yard,1990.0,141,duplicate_title_clean,retain,intentionally_retained_duplicate_distinct_designer,438.0,False
131121,Equinox,2012.0,254,duplicate_title_clean,retain,intentionally_retained_duplicate_distinct_designer,329450.0,False
131530,The Hobbit: An Unexpected Journey,2012.0,157,duplicate_title_clean,retain,intentionally_retained_duplicate_distinct_designer,140612.0,False
131616,Nautilus,2012.0,281,duplicate_title_clean,retain,intentionally_retained_duplicate_distinct_designer,3154.0,False
132203,What Do You Meme?,2012.0,133,duplicate_title_clean,retain,intentionally_retained_duplicate_distinct_designer,226610.0,False
134618,Zen Garden,2013.0,237,duplicate_title_clean,retain,intentionally_retained_duplicate_distinct_designer,296557.0,False
146094,Plunder,2013.0,147,duplicate_title_clean,retain,intentionally_retained_duplicate_distinct_designer,13347.0,False
146146,Galapagos,2013.0,123,duplicate_title_clean,retain,intentionally_retained_duplicate_distinct_designer,66251.0,False
146943,Warlock,2013.0,184,duplicate_title_clean,retain,intentionally_retained_duplicate_distinct_designer,2146.0,False
148074,Masquerade,2013.0,112,duplicate_title_clean,retain,intentionally_retained_duplicate_distinct_designer,9108.0,False
154633,Clue,2013.0,673,duplicate_title_clean,retain,intentionally_retained_duplicate_distinct_designer,130592.0,False
157083,Dragon Valley,2014.0,133,duplicate_title_clean,retain,intentionally_retained_duplicate_distinct_designer,87200.0,False
161109,Speakeasy,2014.0,124,duplicate_title_clean,retain,intentionally_retained_duplicate_distinct_designer,375459.0,False
165332,Puerto Rico,2007.0,117,duplicate_title_clean,retain,"intentionally_retained_duplicate_moderate_not_strict (year_close=False, fam_identical=False, lv=0)",3076.0,False
167237,Andromeda,2015.0,225,duplicate_title_clean,retain,intentionally_retained_duplicate_distinct_designer,141.0,False
171663,Attila,2015.0,211,duplicate_title_clean,retain,intentionally_retained_duplicate_distinct_designer,827.0,False
171726,Project: ELITE,2016.0,1141,duplicate_title_clean,retain,intentionally_retained_duplicate_distinct_designer,256999.0,False
174517,Versailles,2015.0,94,duplicate_title_clean,retain,intentionally_retained_duplicate_distinct_designer,160561.0,False
183521,Monopoly: Star Wars,2015.0,307,duplicate_title_clean,retain,intentionally_retained_duplicate_distinct_designer,1298.0,False
189628,Tesseract,2015.0,121,duplicate_title_clean,retain,intentionally_retained_duplicate_distinct_designer,367385.0,False
191135,Vivarium,2017.0,90,duplicate_title_clean,retain,intentionally_retained_duplicate_distinct_designer,361240.0,False
193291,Orient Express,2017.0,112,duplicate_title_clean,retain,intentionally_retained_duplicate_distinct_designer,2363.0,False
193488,Airlines,2016.0,103,duplicate_title_clean,retain,intentionally_retained_duplicate_distinct_designer,43.0,False
200058,Harvest,2017.0,963,duplicate_title_clean,retain,"intentionally_retained_duplicate_moderate_not_strict (year_close=False, fam_identical=False, lv=0)",395623.0,False
200430,Elevenses for One,2016.0,128,duplicate_title_clean,retain,intentionally_retained_duplicate_distinct_designer,158882.0,False
201856,Last Will,2016.0,236,duplicate_title_clean,retain,"intentionally_retained_duplicate_moderate_not_strict (year_close=False, fam_identical=False, lv=0)",97842.0,False
204003,Battle of Britain,2017.0,196,duplicate_title_clean,retain,intentionally_retained_duplicate_distinct_designer,1844.0,False
204599,Around the World in 80 Days,2016.0,637,duplicate_title_clean,retain,intentionally_retained_duplicate_distinct_designer,12005.0,False
205101,A Dog's Life,2017.0,205,duplicate_title_clean,retain,"intentionally_retained_duplicate_moderate_not_strict (year_close=False, fam_identical=True, lv=0)",2940.0,False
205398,Citadels,2016.0,14743,duplicate_title_clean,retain,"intentionally_retained_duplicate_moderate_not_strict (year_close=False, fam_identical=False, lv=0)",478.0,False
207330,Hellas,2016.0,490,duplicate_title_clean,retain,intentionally_retained_duplicate_distinct_designer,4529.0,False
207975,Siege,2016.0,95,duplicate_title_clean,retain,intentionally_retained_duplicate_distinct_designer,5571.0,False
209378,Totem,2016.0,89,duplicate_title_clean,retain,intentionally_retained_duplicate_distinct_designer,471.0,False
209872,Keltis,2012.0,243,duplicate_title_clean,retain,"intentionally_retained_duplicate_moderate_not_strict (year_close=False, fam_identical=False, lv=0)",34585.0,False
222741,DIG,2017.0,113,duplicate_title_clean,retain,intentionally_retained_duplicate_distinct_designer,197178.0,False
224031,Cartagena,2017.0,992,duplicate_title_clean,retain,"intentionally_retained_duplicate_moderate_not_strict (year_close=False, fam_identical=False, lv=0)",826.0,False
225317,Halloween,2017.0,292,duplicate_title_clean,retain,intentionally_retained_duplicate_distinct_designer,380175.0,False
227502,Medieval,2018.0,133,duplicate_title_clean,retain,intentionally_retained_duplicate_distinct_designer,7239.0,False
229537,Mind the Gap,2017.0,103,duplicate_title_clean,retain,intentionally_retained_duplicate_distinct_designer,323377.0,False
229543,Sakura,2017.0,451,duplicate_title_clean,retain,intentionally_retained_duplicate_distinct_designer,227029.0,False
232345,Cahoots,2018.0,282,duplicate_title_clean,retain,intentionally_retained_duplicate_distinct_designer,246761.0,False
233673,Exploration,2020.0,81,duplicate_title_clean,retain,intentionally_retained_duplicate_distinct_designer,2854.0,False
235591,History of the World,2018.0,832,duplicate_title_clean,retain,"intentionally_retained_duplicate_moderate_not_strict (year_close=False, fam_identical=False, lv=0)",224.0,False
241490,Pool Party,2018.0,101,duplicate_title_clean,retain,intentionally_retained_duplicate_distinct_designer,1383.0,False
254213,Boomerang,2018.0,559,duplicate_title_clean,retain,intentionally_retained_duplicate_distinct_designer,66982.0,False
257164,Dungeon Raiders,2018.0,874,duplicate_title_clean,retain,"intentionally_retained_duplicate_moderate_not_strict (year_close=False, fam_identical=True, lv=0)",80771.0,False
257306,High Score,2018.0,167,duplicate_title_clean,retain,intentionally_retained_duplicate_distinct_designer,341416.0,False
257851,Picnic,2018.0,97,duplicate_title_clean,retain,intentionally_retained_duplicate_distinct_designer,318328.0,False
260923,Titan,2022.0,180,duplicate_title_clean,retain,intentionally_retained_duplicate_distinct_designer,103.0,False
260927,Mississippi Queen,2019.0,487,duplicate_title_clean,retain,"intentionally_retained_duplicate_moderate_not_strict (year_close=False, fam_identical=False, lv=0)",256.0,False
261720,Finca,2018.0,616,duplicate_title_clean,retain,"intentionally_retained_duplicate_moderate_not_strict (year_close=False, fam_identical=False, lv=0)",40628.0,False
261901,Tokyo Highway,2018.0,2056,duplicate_title_clean,retain,"intentionally_retained_duplicate_moderate_not_strict (year_close=False, fam_identical=False, lv=0)",215463.0,False
265489,Gettysburg,2018.0,314,duplicate_title_clean,retain,intentionally_retained_duplicate_distinct_designer,1575.0,False
271320,The Castles of Burgundy,2019.0,11760,duplicate_title_clean,retain,"intentionally_retained_duplicate_moderate_not_strict (year_close=False, fam_identical=False, lv=0)",84876.0,False
277085,Love Letter,2019.0,11534,duplicate_title_clean,retain,intentionally_retained_duplicate_distinct_designer,129622.0,False
286656,Mooncake Master,2019.0,133,duplicate_title_clean,retain,"intentionally_retained_duplicate_moderate_not_strict (year_close=False, fam_identical=False, lv=0)",400265.0,False
287116,Maya,2019.0,199,duplicate_title_clean,retain,intentionally_retained_duplicate_distinct_designer,8126.0,False
287586,Top Secret,2019.0,99,duplicate_title_clean,retain,intentionally_retained_duplicate_distinct_designer,1132.0,False
289223,AquaSphere,2019.0,149,duplicate_title_clean,retain,"intentionally_retained_duplicate_moderate_not_strict (year_close=False, fam_identical=False, lv=0)",159508.0,False
296113,Station Master,2020.0,88,duplicate_title_clean,retain,"intentionally_retained_duplicate_moderate_not_strict (year_close=False, fam_identical=False, lv=0)",9615.0,False
314401,Rapa Nui,2020.0,269,duplicate_title_clean,retain,intentionally_retained_duplicate_distinct_designer,103132.0,False
314413,Fluxx,2012.0,422,duplicate_title_clean,retain,"intentionally_retained_duplicate_moderate_not_strict (year_close=False, fam_identical=False, lv=0)",258.0,False
315048,Survive: Escape from Atlantis!,2010.0,384,duplicate_title_clean,retain,"intentionally_retained_duplicate_moderate_not_strict (year_close=False, fam_identical=False, lv=0)",2653.0,False
317981,Coyote,2020.0,830,duplicate_title_clean,retain,"intentionally_retained_duplicate_moderate_not_strict (year_close=False, fam_identical=False, lv=0)",8172.0,False
318985,Puerto Rico,2020.0,1239,duplicate_title_clean,retain,"intentionally_retained_duplicate_moderate_not_strict (year_close=False, fam_identical=False, lv=0)",3076.0,False
319223,Sleeping Gods: Primeval Peril,2020.0,87,duplicate_title_clean,retain,"intentionally_retained_duplicate_moderate_not_strict (year_close=False, fam_identical=False, lv=0)",362205.0,False
320283,Burger Quiz,2018.0,77,duplicate_title_clean,retain,intentionally_retained_duplicate_distinct_designer,24207.0,False
321277,Tinners' Trail,2021.0,1795,duplicate_title_clean,retain,"intentionally_retained_duplicate_moderate_not_strict (year_close=False, fam_identical=False, lv=0)",35570.0,False
322564,Fjords,2022.0,1126,duplicate_title_clean,retain,intentionally_retained_duplicate_distinct_designer,15511.0,False
324246,Journey to the Center of the Earth,2020.0,434,duplicate_title_clean,retain,intentionally_retained_duplicate_distinct_designer,34010.0,False
341510,Rainbow,2021.0,352,duplicate_title_clean,retain,intentionally_retained_duplicate_distinct_designer,415090.0,False
342071,Key to the Kingdom,2022.0,312,duplicate_title_clean,retain,intentionally_retained_duplicate_distinct_designer,1933.0,False
344017,Dodo,2021.0,89,duplicate_title_clean,retain,intentionally_retained_duplicate_distinct_designer,295490.0,False
347521,Blitzkrieg!: World War Two in 20 Minutes,2021.0,573,duplicate_title_clean,retain,"intentionally_retained_duplicate_moderate_not_strict (year_close=False, fam_identical=False, lv=0)",258210.0,False
352996,Sherwood,2022.0,84,duplicate_title_clean,retain,intentionally_retained_duplicate_distinct_designer,21829.0,False
355199,Star Realms,2021.0,297,duplicate_title_clean,retain,"intentionally_retained_duplicate_moderate_not_strict (year_close=False, fam_identical=False, lv=0)",147020.0,False
359082,Golfie,2022.0,97,duplicate_title_clean,retain,"intentionally_retained_duplicate_moderate_not_strict (year_close=False, fam_identical=False, lv=0)",419705.0,False
359194,Jumanji,2021.0,219,duplicate_title_clean,retain,intentionally_retained_duplicate_distinct_designer,1751.0,False
368079,Basilica,2022.0,154,duplicate_title_clean,retain,"intentionally_retained_duplicate_moderate_not_strict (year_close=False, fam_identical=False, lv=0)",38931.0,False
368974,Vienna,2023.0,268,duplicate_title_clean,retain,intentionally_retained_duplicate_distinct_designer,171492.0,False
368975,Cuzco,2023.0,347,duplicate_title_clean,retain,intentionally_retained_duplicate_distinct_designer,249411.0,False
369010,Flutter,2024.0,63,duplicate_title_clean,retain,intentionally_retained_duplicate_distinct_designer,7487.0,False
369084,Tatsu,2022.0,310,duplicate_title_clean,retain,intentionally_retained_duplicate_distinct_designer,181811.0,False
371431,Kingmaker,2023.0,213,duplicate_title_clean,retain,"intentionally_retained_duplicate_moderate_not_strict (year_close=False, fam_identical=False, lv=0)",987.0,False
373435,Prophecy,2022.0,159,duplicate_title_clean,retain,intentionally_retained_duplicate_distinct_designer,8095.0,False
374342,Clue,2019.0,297,duplicate_title_clean,retain,intentionally_retained_duplicate_distinct_designer,130592.0,False
375712,Christmas Tree,2022.0,93,duplicate_title_clean,retain,intentionally_retained_duplicate_distinct_designer,234711.0,False
375769,Lords of Vegas,2024.0,192,duplicate_title_clean,retain,"intentionally_retained_duplicate_moderate_not_strict (year_close=False, fam_identical=False, lv=0)",20437.0,False
378476,Mycelia,2024.0,562,duplicate_title_clean,retain,intentionally_retained_duplicate_distinct_designer,392023.0,False
381327,Robo Rally,2023.0,468,duplicate_title_clean,retain,intentionally_retained_duplicate_distinct_designer,216201.0,False
386989,Focus,2023.0,278,duplicate_title_clean,retain,intentionally_retained_duplicate_distinct_designer,789.0,False
388838,Black Friday,2023.0,228,duplicate_title_clean,retain,"intentionally_retained_duplicate_moderate_not_strict (year_close=False, fam_identical=False, lv=0)",39242.0,False
392448,Medieval Academy,2023.0,111,duplicate_title_clean,retain,"intentionally_retained_duplicate_moderate_not_strict (year_close=False, fam_identical=False, lv=0)",154386.0,False
396655,Quicksand,2023.0,420,duplicate_title_clean,retain,intentionally_retained_duplicate_distinct_designer,6738.0,False
419454,Around the World in 80 Days,2024.0,64,duplicate_title_clean,retain,intentionally_retained_duplicate_distinct_designer,12005.0,False
420914,Iliad,2025.0,29,duplicate_title_clean,retain,intentionally_retained_duplicate_distinct_designer,21654.0,False
424225,Loot,2024.0,114,duplicate_title_clean,retain,intentionally_retained_duplicate_distinct_designer,770.0,False
428589,Thief's Market,2025.0,3,duplicate_title_clean,retain,"intentionally_retained_duplicate_moderate_not_strict (year_close=False, fam_identical=False, lv=0)",182351.0,False
430875,High Tide,2024.0,5,duplicate_title_clean,retain,intentionally_retained_duplicate_distinct_designer,216482.0,False
437334,The Hanging Gardens,2025.0,2,duplicate_title_clean,retain,intentionally_retained_duplicate_distinct_designer,34707.0,False
410201,Wyrmspan,2024.0,8224,expansion_standalone,retain,"intentionally_retained_distinct_expansion (weight/year distinct, not same underlying game)",266192.0,False
278,Catan Card Game,1996.0,13840,family_large,retain,intentionally_retained_family_Catan_distinct_design (year/weight distinct),13.0,False
4095,Star Munchkin,2002.0,4888,family_large,retain,intentionally_retained_family_Munchkin_distinct_design (year/weight distinct),1927.0,False
14996,Ticket to Ride: Europe,2005.0,75011,family_large,retain,intentionally_retained_family_Ticket to Ride (Official)_distinct_design (year/weight distinct),9209.0,False
25071,Munchkin Cthulhu,2007.0,5298,family_large,retain,intentionally_retained_family_Munchkin_distinct_design (year/weight distinct),1927.0,False
31627,Ticket to Ride: Nordic Countries,2007.0,14146,family_large,retain,intentionally_retained_family_Ticket to Ride (Official)_distinct_design (year/weight distinct),9209.0,False
66056,Rivals for Catan,2010.0,7618,family_large,retain,intentionally_retained_family_Catan_distinct_design (year/weight distinct),13.0,False
463,Magic: The Gathering,1993.0,38914,game_system,retain,"intentionally_retained_system_entry_distinct_design (collectible card game system, distinct for hidden-gem)",,False
2165,Pokémon Trading Card Game,1996.0,4804,game_system,retain,"intentionally_retained_system_entry_distinct_design (collectible card game system, distinct for hidden-gem)",,False
58281,Summoner Wars,2009.0,6566,game_system,retain,"intentionally_retained_system_entry_distinct_design (collectible card game system, distinct for hidden-gem)",,False
205359,Star Wars: Destiny,2016.0,5289,game_system,retain,"intentionally_retained_system_entry_distinct_design (collectible card game system, distinct for hidden-gem)",,False
268201,Dice Throne,2018.0,2470,game_system,retain,"intentionally_retained_system_entry_distinct_design (collectible card game system, distinct for hidden-gem)",,False
2583,18GA,1998.0,247,reprint_alternate_version,retain,"intentionally_retained_18xx_variant_distinct_map (same designer/family but title_lev=2 indicates distinct 18xx games, not same underlying game)",2612.0,False
793,Yahtzee Deluxe Poker,1994.0,560,edition_bigbox,remove,edition_deluxe_title_clean_duplicate_keep_more_popular (base=yahtzee),2243.0,True
10707,Hacker: Deluxe Edition,2001.0,312,edition_bigbox,remove,edition_deluxe_title_clean_duplicate_keep_more_popular (base=hacker),1250.0,True
22477,Deluxe Camping,2006.0,135,edition_bigbox,remove,edition_deluxe_title_clean_duplicate_keep_more_popular (base=),12304.0,True
35052,Axis & Allies Anniversary Edition,2008.0,2874,edition_bigbox,remove,edition_deluxe_title_clean_duplicate_keep_more_popular (base=axis & allies),98.0,True
37141,Time's Up! Deluxe,2008.0,1024,edition_bigbox,remove,edition_deluxe_title_clean_duplicate_keep_more_popular (base=time's up!),1353.0,True
39103,Jungle Speed: Deluxe,2008.0,256,edition_bigbox,remove,edition_deluxe_title_clean_duplicate_keep_more_popular (base=jungle speed),8098.0,True
42627,MidEvil Deluxe,2009.0,115,edition_bigbox,remove,edition_deluxe_title_clean_duplicate_keep_more_popular (base=midevil),15738.0,True
45358,Alhambra: Big Box,2009.0,4622,edition_bigbox,remove,edition_deluxe_title_clean_duplicate_keep_more_popular (base=alhambra),6249.0,True
47410,Catan Dice Game Deluxe Edition,2009.0,92,edition_bigbox,remove,edition_deluxe_title_clean_duplicate_keep_more_popular (base=catan dice game),27710.0,True
59602,Upwords Deluxe,2007.0,128,edition_bigbox,remove,edition_deluxe_title_clean_duplicate_keep_more_popular (base=upwords),1515.0,True
60153,War of the Ring Collector's Edition,2010.0,1056,edition_bigbox,remove,edition_deluxe_title_clean_duplicate_keep_more_popular (base=war of the ring),9609.0,True
70653,Monopoly: Nintendo Collector's Edition,2010.0,169,edition_bigbox,remove,edition_deluxe_title_clean_duplicate_keep_more_popular (base=monopoly: nintendo),24000.0,True
139991,Fresco: Big Box,2014.0,1669,edition_bigbox,remove,edition_deluxe_title_clean_duplicate_keep_more_popular (base=fresco),66188.0,True
139993,Kingdom Builder: Big Box,2014.0,1251,edition_bigbox,remove,edition_deluxe_title_clean_duplicate_keep_more_popular (base=kingdom builder),107529.0,True
140068,Galaxy Trucker: Anniversary Edition,2012.0,2868,edition_bigbox,remove,edition_deluxe_title_clean_duplicate_keep_more_popular (base=galaxy trucker),31481.0,True
140135,Small World Designer Edition,2015.0,246,edition_bigbox,remove,edition_deluxe_title_clean_duplicate_keep_more_popular (base=small world),40692.0,True
140711,Carcassonne Big Box 4,2012.0,1207,edition_bigbox,remove,edition_deluxe_title_clean_duplicate_keep_more_popular (base=carcassonne),822.0,True
141007,Carcassonne Big Box 3,2010.0,895,edition_bigbox,remove,edition_deluxe_title_clean_duplicate_keep_more_popular (base=carcassonne),822.0,True
141008,Carcassonne Big Box 2,2008.0,454,edition_bigbox,remove,edition_deluxe_title_clean_duplicate_keep_more_popular (base=carcassonne),822.0,True
142057,Carcassonne Big Box,2006.0,1181,edition_bigbox,remove,edition_deluxe_title_clean_duplicate_keep_more_popular (base=carcassonne),822.0,True
142131,Dominion: Big Box,2010.0,979,edition_bigbox,remove,edition_deluxe_title_clean_duplicate_keep_more_popular (base=dominion),36218.0,True
142132,Dominion: Big Box,2011.0,106,edition_bigbox,remove,edition_deluxe_title_clean_duplicate_keep_more_popular (base=dominion),36218.0,True
144464,Werwölfe Deluxe,2013.0,168,edition_bigbox,remove,edition_deluxe_title_clean_duplicate_keep_more_popular (base=werwölfe),255356.0,True
144607,Bitter Woods: Designer Edition,2014.0,141,edition_bigbox,remove,edition_deluxe_title_clean_duplicate_keep_more_popular (base=bitter woods),10174.0,True
150446,World in Flames Deluxe Edition,2000.0,118,edition_bigbox,remove,edition_deluxe_title_clean_duplicate_keep_more_popular (base=world in flames),1499.0,True
155731,Tokaido Collector's Edition,2015.0,1409,edition_bigbox,remove,edition_deluxe_title_clean_duplicate_keep_more_popular (base=tokaido),123540.0,True
155873,Power Grid Deluxe: Europe/North America,2014.0,4434,edition_bigbox,remove,edition_deluxe_title_clean_duplicate_keep_more_popular (base=power grid),2651.0,True
157958,DungeonQuest: Revised Edition,2014.0,1522,edition_bigbox,remove,edition_deluxe_title_clean_duplicate_keep_more_popular (base=dungeonquest),71061.0,True
158408,Coup: Deluxe Edition,2014.0,858,edition_bigbox,remove,edition_deluxe_title_clean_duplicate_keep_more_popular (base=coup),131357.0,True
163105,Alhambra: Big Box Special Edition,2014.0,154,edition_bigbox,remove,edition_deluxe_title_clean_duplicate_keep_more_popular (base=alhambra),6249.0,True
164127,Carcassonne Big Box 5,2014.0,2024,edition_bigbox,remove,edition_deluxe_title_clean_duplicate_keep_more_popular (base=carcassonne),822.0,True
164812,Roll For It! Deluxe Edition,2014.0,2236,edition_bigbox,remove,edition_deluxe_title_clean_duplicate_keep_more_popular (base=roll for it!),129090.0,True
169274,Pixel Tactics Deluxe,2015.0,569,edition_bigbox,remove,edition_deluxe_title_clean_duplicate_keep_more_popular (base=pixel tactics),125548.0,True
170815,Lancaster: Big Box,2015.0,543,edition_bigbox,remove,edition_deluxe_title_clean_duplicate_keep_more_popular (base=lancaster),96913.0,True
171199,Munchkin Legends Deluxe,2014.0,261,edition_bigbox,remove,edition_deluxe_title_clean_duplicate_keep_more_popular (base=munchkin legends),144325.0,True
171905,Orléans: Deluxe Edition,2015.0,1666,edition_bigbox,remove,edition_deluxe_title_clean_duplicate_keep_more_popular (base=orléans),164928.0,True
171908,El Grande Big Box,2015.0,3320,edition_bigbox,remove,edition_deluxe_title_clean_duplicate_keep_more_popular (base=el grande),93.0,True
172207,Unspeakable Words: Deluxe Edition,2015.0,414,edition_bigbox,remove,edition_deluxe_title_clean_duplicate_keep_more_popular (base=unspeakable words),24304.0,True
174610,Alien Frontiers: Big Box,2017.0,389,edition_bigbox,remove,edition_deluxe_title_clean_duplicate_keep_more_popular (base=alien frontiers),48726.0,True
174926,Wizards of the Wild: Deluxe Edition,2015.0,166,edition_bigbox,remove,edition_deluxe_title_clean_duplicate_keep_more_popular (base=wizards of the wild),166988.0,True
175239,Machi Koro: Deluxe Edition,2015.0,2379,edition_bigbox,remove,edition_deluxe_title_clean_duplicate_keep_more_popular (base=machi koro),143884.0,True
176103,Shogun Big Box,2015.0,576,edition_bigbox,remove,edition_deluxe_title_clean_duplicate_keep_more_popular (base=shogun),20551.0,True
177352,Carson City: Big Box,2015.0,2161,edition_bigbox,remove,edition_deluxe_title_clean_duplicate_keep_more_popular (base=carson city),39938.0,True
181289,Terra Mystica: Big Box,2015.0,447,edition_bigbox,remove,edition_deluxe_title_clean_duplicate_keep_more_popular (base=terra mystica),120677.0,True
182880,Catan: Big Box,2015.0,104,edition_bigbox,remove,edition_deluxe_title_clean_duplicate_keep_more_popular (base=catan),13.0,True
185257,Innovation Deluxe,2017.0,826,edition_bigbox,remove,edition_deluxe_title_clean_duplicate_keep_more_popular (base=innovation),63888.0,True
186375,Tokaido: Deluxe Edition,2015.0,1105,edition_bigbox,remove,edition_deluxe_title_clean_duplicate_keep_more_popular (base=tokaido),123540.0,True
186659,Tiny Epic Galaxies: Deluxe Edition,2015.0,1400,edition_bigbox,remove,edition_deluxe_title_clean_duplicate_keep_more_popular (base=tiny epic galaxies),163967.0,True
188076,Taluva Deluxe,2015.0,440,edition_bigbox,remove,edition_deluxe_title_clean_duplicate_keep_more_popular (base=taluva),24508.0,True
191710,Catan: Big Box,2016.0,481,edition_bigbox,remove,edition_deluxe_title_clean_duplicate_keep_more_popular (base=catan),13.0,True
203219,Rivals for Catan: Deluxe,2016.0,670,edition_bigbox,remove,edition_deluxe_title_clean_duplicate_keep_more_popular (base=rivals for catan),66056.0,True
206236,Wallenstein Big Box,2016.0,160,edition_bigbox,remove,edition_deluxe_title_clean_duplicate_keep_more_popular (base=wallenstein),3307.0,True
208775,Qwixx Deluxe,2016.0,1003,edition_bigbox,remove,edition_deluxe_title_clean_duplicate_keep_more_popular (base=qwixx),131260.0,True
208974,The Russian Campaign: Deluxe 5th Edition,2023.0,178,edition_bigbox,remove,edition_deluxe_title_clean_duplicate_keep_more_popular (base=the russian campaign),2808.0,True
215946,Sub Terra: Collector's Edition,2017.0,333,edition_bigbox,remove,edition_deluxe_title_clean_duplicate_keep_more_popular (base=sub terra),204472.0,True
216725,Villages of Valeria: Deluxe Kickstarter Edition,2016.0,467,edition_bigbox,remove,edition_deluxe_title_clean_duplicate_keep_more_popular (base=villages of valeria),180040.0,True
216849,Dominion (Second Edition) Big Box,2016.0,983,edition_bigbox,remove,edition_deluxe_title_clean_duplicate_keep_more_popular (base=dominion),36218.0,True
224374,Russia Besieged: Deluxe Edition,2018.0,117,edition_bigbox,remove,edition_deluxe_title_clean_duplicate_keep_more_popular (base=russia besieged),12567.0,True
229130,Kingdom Builder: Big Box (Second Edition),2017.0,689,edition_bigbox,remove,edition_deluxe_title_clean_duplicate_keep_more_popular (base=kingdom builder),107529.0,True
230914,Carcassonne Big Box 6,2017.0,4395,edition_bigbox,remove,edition_deluxe_title_clean_duplicate_keep_more_popular (base=carcassonne),822.0,True
232894,Escape: The Curse of the Temple – Big Box Second Edition,2017.0,564,edition_bigbox,remove,edition_deluxe_title_clean_duplicate_keep_more_popular (base=escape: the curse of the temple –),157820.0,True
245422,Werewords Deluxe Edition,2018.0,2097,edition_bigbox,remove,edition_deluxe_title_clean_duplicate_keep_more_popular (base=werewords),219215.0,True
251219,Istanbul: Big Box,2018.0,4279,edition_bigbox,remove,edition_deluxe_title_clean_duplicate_keep_more_popular (base=istanbul),148949.0,True
253786,Don't Mess with Cthulhu Deluxe,2018.0,749,edition_bigbox,remove,edition_deluxe_title_clean_duplicate_keep_more_popular (base=don't mess with cthulhu),170587.0,True
255484,World in Flames Collector's Edition Deluxe,2017.0,108,edition_bigbox,remove,edition_deluxe_title_clean_duplicate_keep_more_popular (base=world in flames),1499.0,True
255924,Snowdonia: Deluxe Master Set,2019.0,1741,edition_bigbox,remove,edition_deluxe_title_clean_duplicate_keep_more_popular (base=snowdonia),119432.0,True
259586,Feudum: Big Box,2018.0,158,edition_bigbox,remove,edition_deluxe_title_clean_duplicate_keep_more_popular (base=feudum),163839.0,True
260678,Stone Age: Anniversary,2018.0,2151,edition_bigbox,remove,edition_deluxe_title_clean_duplicate_keep_more_popular (base=stone age),34635.0,True
263177,The Battle of Five Armies Collector's Edition,2021.0,109,edition_bigbox,remove,edition_deluxe_title_clean_duplicate_keep_more_popular (base=the battle of five armies),135219.0,True
263178,Who Goes There? Deluxe Edition,2018.0,210,edition_bigbox,remove,edition_deluxe_title_clean_duplicate_keep_more_popular (base=who goes there?),230769.0,True
265784,Cleopatra and the Society of Architects: Deluxe Edition,2020.0,723,edition_bigbox,remove,edition_deluxe_title_clean_duplicate_keep_more_popular (base=cleopatra and the society of architects),22141.0,True
266219,Tiny Epic Zombies: Deluxe Edition,2018.0,1199,edition_bigbox,remove,edition_deluxe_title_clean_duplicate_keep_more_popular (base=tiny epic zombies),244536.0,True
267367,Suburbia: Collector's Edition,2019.0,3298,edition_bigbox,remove,edition_deluxe_title_clean_duplicate_keep_more_popular (base=suburbia),123260.0,True
269980,Catan: Big Box,2019.0,224,edition_bigbox,remove,edition_deluxe_title_clean_duplicate_keep_more_popular (base=catan),13.0,True
272743,Hanabi Deluxe II,2019.0,315,edition_bigbox,remove,edition_deluxe_title_clean_duplicate_keep_more_popular (base=hanabi),98778.0,True
275010,De Vulgari Eloquentia: Deluxe Edition,2019.0,507,edition_bigbox,remove,edition_deluxe_title_clean_duplicate_keep_more_popular (base=de vulgari eloquentia),75165.0,True
277405,Fuji Koro: Deluxe,2020.0,399,edition_bigbox,remove,edition_deluxe_title_clean_duplicate_keep_more_popular (base=fuji koro),253743.0,True
277448,Coloma: Deluxe Edition,2019.0,829,edition_bigbox,remove,edition_deluxe_title_clean_duplicate_keep_more_popular (base=coloma),264982.0,True
278693,Castle Panic: Big Box,2019.0,214,edition_bigbox,remove,edition_deluxe_title_clean_duplicate_keep_more_popular (base=castle panic),43443.0,True
279348,Cutthroat Caverns: Anniversary Edition,2019.0,193,edition_bigbox,remove,edition_deluxe_title_clean_duplicate_keep_more_popular (base=cutthroat caverns),28259.0,True
281466,Yedo: Deluxe Master Set,2020.0,1821,edition_bigbox,remove,edition_deluxe_title_clean_duplicate_keep_more_popular (base=yedo),117915.0,True
285998,Tiny Epic Tactics: Deluxe Edition,2019.0,328,edition_bigbox,remove,edition_deluxe_title_clean_duplicate_keep_more_popular (base=tiny epic tactics),272409.0,True
286749,Hansa Teutonica: Big Box,2020.0,5948,edition_bigbox,remove,edition_deluxe_title_clean_duplicate_keep_more_popular (base=hansa teutonica),43015.0,True
296100,Rococo: Deluxe Edition,2020.0,3724,edition_bigbox,remove,edition_deluxe_title_clean_duplicate_keep_more_popular (base=rococo),144344.0,True
298628,Star Realms: Deluxe Nova Collection,2022.0,177,edition_bigbox,remove,edition_deluxe_title_clean_duplicate_keep_more_popular (base=star realms),147020.0,True
302189,Merlin: Big Box,2020.0,315,edition_bigbox,remove,edition_deluxe_title_clean_duplicate_keep_more_popular (base=merlin),230933.0,True
302882,The Dwarves: Big Box,2021.0,251,edition_bigbox,remove,edition_deluxe_title_clean_duplicate_keep_more_popular (base=the dwarves),124668.0,True
307621,K2: Big Box,2020.0,256,edition_bigbox,remove,edition_deluxe_title_clean_duplicate_keep_more_popular (base=k2),73761.0,True
310203,Tiny Epic Pirates: Deluxe Edition,2021.0,674,edition_bigbox,remove,edition_deluxe_title_clean_duplicate_keep_more_popular (base=tiny epic pirates),309430.0,True
313163,Tiny Epic Mechs: Deluxe Edition,2019.0,123,edition_bigbox,remove,edition_deluxe_title_clean_duplicate_keep_more_popular (base=tiny epic mechs),257283.0,True
314019,Solar Storm: Deluxe Edition,2020.0,200,edition_bigbox,remove,edition_deluxe_title_clean_duplicate_keep_more_popular (base=solar storm),274037.0,True
314530,Iwari: Deluxe Edition,2020.0,755,edition_bigbox,remove,edition_deluxe_title_clean_duplicate_keep_more_popular (base=iwari),270109.0,True
315953,Tiny Epic Dinosaurs: Deluxe Edition,2020.0,650,edition_bigbox,remove,edition_deluxe_title_clean_duplicate_keep_more_popular (base=tiny epic dinosaurs),291508.0,True
316180,Tiny Epic Western: Deluxe Edition,2016.0,119,edition_bigbox,remove,edition_deluxe_title_clean_duplicate_keep_more_popular (base=tiny epic western),180852.0,True
316183,Tiny Epic Quest: Deluxe Edition,2017.0,189,edition_bigbox,remove,edition_deluxe_title_clean_duplicate_keep_more_popular (base=tiny epic quest),201921.0,True
319196,Gùgōng: Deluxe Big Box,2020.0,367,edition_bigbox,remove,edition_deluxe_title_clean_duplicate_keep_more_popular (base=gùgōng),250458.0,True
319375,Raccoon Tycoon: Deluxe Edition,2021.0,265,edition_bigbox,remove,edition_deluxe_title_clean_duplicate_keep_more_popular (base=raccoon tycoon),254386.0,True
319422,Everdell: Collector's Edition,2018.0,2156,edition_bigbox,remove,edition_deluxe_title_clean_duplicate_keep_more_popular (base=everdell),199792.0,True
321563,Inis: Big Box,2022.0,103,edition_bigbox,remove,edition_deluxe_title_clean_duplicate_keep_more_popular (base=inis),155821.0,True
321720,Twisted Fables: Deluxe Edition,2021.0,184,edition_bigbox,remove,edition_deluxe_title_clean_duplicate_keep_more_popular (base=twisted fables),308621.0,True
322045,Cartographers Heroes: Collector's Edition,2021.0,706,edition_bigbox,remove,edition_deluxe_title_clean_duplicate_keep_more_popular (base=cartographers heroes),315767.0,True
325293,The Pursuit of Happiness: Big Box,2022.0,336,edition_bigbox,remove,edition_deluxe_title_clean_duplicate_keep_more_popular (base=the pursuit of happiness),181687.0,True
326355,Alhambra: Big Box (Second Edition),2021.0,130,edition_bigbox,remove,edition_deluxe_title_clean_duplicate_keep_more_popular (base=alhambra),6249.0,True
326538,Small City: Deluxe Edition,2023.0,312,edition_bigbox,remove,edition_deluxe_title_clean_duplicate_keep_more_popular (base=small city),130486.0,True
326869,The Quacks of Quedlinburg: Big Box,2020.0,482,edition_bigbox,remove,edition_deluxe_title_clean_duplicate_keep_more_popular (base=the quacks of quedlinburg),244521.0,True
326945,Castles of Mad King Ludwig: Collector's Edition,2022.0,1373,edition_bigbox,remove,edition_deluxe_title_clean_duplicate_keep_more_popular (base=castles of mad king ludwig),155426.0,True
328413,Darwin's Journey: Collector's Edition,2023.0,1192,edition_bigbox,remove,edition_deluxe_title_clean_duplicate_keep_more_popular (base=darwin's journey),322289.0,True
329434,Chocolate Factory: Deluxe Edition,2019.0,319,edition_bigbox,remove,edition_deluxe_title_clean_duplicate_keep_more_popular (base=chocolate factory),240567.0,True
331265,Port Royal: Big Box,2022.0,3242,edition_bigbox,remove,edition_deluxe_title_clean_duplicate_keep_more_popular (base=port royal),156009.0,True
334349,Dungeon Fighter: Collector's Edition,2022.0,123,edition_bigbox,remove,edition_deluxe_title_clean_duplicate_keep_more_popular (base=dungeon fighter),102548.0,True
334479,Petrichor: Collector's Edition,2021.0,218,edition_bigbox,remove,edition_deluxe_title_clean_duplicate_keep_more_popular (base=petrichor),210274.0,True
334889,Tiny Epic Dungeons: Deluxe Edition,2021.0,847,edition_bigbox,remove,edition_deluxe_title_clean_duplicate_keep_more_popular (base=tiny epic dungeons),331787.0,True
337796,Enchanters: Deluxe Box,2020.0,162,edition_bigbox,remove,edition_deluxe_title_clean_duplicate_keep_more_popular (base=enchanters),198138.0,True
338476,Lorenzo il Magnifico: Big Box,2021.0,1165,edition_bigbox,remove,edition_deluxe_title_clean_duplicate_keep_more_popular (base=lorenzo il magnifico),203993.0,True
341504,Colt Express: Big Box,2022.0,597,edition_bigbox,remove,edition_deluxe_title_clean_duplicate_keep_more_popular (base=colt express),158899.0,True
341945,La Granja: Deluxe Master Set,2023.0,1769,edition_bigbox,remove,edition_deluxe_title_clean_duplicate_keep_more_popular (base=la granja),146886.0,True
345027,Muffin Time: Deluxe Edition,2021.0,88,edition_bigbox,remove,edition_deluxe_title_clean_duplicate_keep_more_popular (base=muffin time),286735.0,True
347802,Hellapagos: Big Box,2020.0,262,edition_bigbox,remove,edition_deluxe_title_clean_duplicate_keep_more_popular (base=hellapagos),224272.0,True
356238,Terra Mystica: Big Box,2022.0,350,edition_bigbox,remove,edition_deluxe_title_clean_duplicate_keep_more_popular (base=terra mystica),120677.0,True
360212,Rattus: Big Box,2023.0,324,edition_bigbox,remove,edition_deluxe_title_clean_duplicate_keep_more_popular (base=rattus),42452.0,True
363289,Fantasy Realms: Deluxe Edition,2022.0,969,edition_bigbox,remove,edition_deluxe_title_clean_duplicate_keep_more_popular (base=fantasy realms),223040.0,True
363622,The Castles of Burgundy: Special Edition,2023.0,7544,edition_bigbox,remove,edition_deluxe_title_clean_duplicate_keep_more_popular (base=the castles of burgundy),84876.0,True
363893,Tiny Epic Vikings: Deluxe Edition,2023.0,191,edition_bigbox,remove,edition_deluxe_title_clean_duplicate_keep_more_popular (base=tiny epic vikings),360896.0,True
364405,Carcassonne Big Box 7,2021.0,602,edition_bigbox,remove,edition_deluxe_title_clean_duplicate_keep_more_popular (base=carcassonne),822.0,True
365056,Village: Big Box,2023.0,818,edition_bigbox,remove,edition_deluxe_title_clean_duplicate_keep_more_popular (base=village),104006.0,True
367527,Fields of Fire: Deluxe Edition,2025.0,22,edition_bigbox,remove,edition_deluxe_title_clean_duplicate_keep_more_popular (base=fields of fire),22877.0,True
368000,Shogun No Katana Deluxe Edition,2022.0,97,edition_bigbox,remove,edition_deluxe_title_clean_duplicate_keep_more_popular (base=shogun no katana),319807.0,True
368390,Windward Collector's Edition,2022.0,119,edition_bigbox,remove,edition_deluxe_title_clean_duplicate_keep_more_popular (base=windward),282922.0,True
368754,Doomlings: Deluxe Bundle,2022.0,114,edition_bigbox,remove,edition_deluxe_title_clean_duplicate_keep_more_popular (base=doomlings),324413.0,True
370325,Claim Anniversary Edition,2023.0,158,edition_bigbox,remove,edition_deluxe_title_clean_duplicate_keep_more_popular (base=claim),233961.0,True
374359,Namiji: Deluxe Edition,2022.0,102,edition_bigbox,remove,edition_deluxe_title_clean_duplicate_keep_more_popular (base=namiji),275215.0,True
378979,Nusfjord: Big Box,2024.0,353,edition_bigbox,remove,edition_deluxe_title_clean_duplicate_keep_more_popular (base=nusfjord),234277.0,True
383300,Paint the Roses: Deluxe Edition,2022.0,210,edition_bigbox,remove,edition_deluxe_title_clean_duplicate_keep_more_popular (base=paint the roses),253759.0,True
388170,Stroganov: Big Box,2024.0,37,edition_bigbox,remove,edition_deluxe_title_clean_duplicate_keep_more_popular (base=stroganov),323156.0,True
392449,Welcome To...: Collector's Edition,2023.0,664,edition_bigbox,remove,edition_deluxe_title_clean_duplicate_keep_more_popular (base=welcome to...),233867.0,True
393000,Ex Libris: Revised Edition,2023.0,189,edition_bigbox,remove,edition_deluxe_title_clean_duplicate_keep_more_popular (base=ex libris),201825.0,True
393531,Fields of Arle: Big Box,2019.0,111,edition_bigbox,remove,edition_deluxe_title_clean_duplicate_keep_more_popular (base=fields of arle),159675.0,True
405752,Project L: Collector's Edition,2023.0,245,edition_bigbox,remove,edition_deluxe_title_clean_duplicate_keep_more_popular (base=project l),260180.0,True
408253,Tiny Epic Cthulhu: Deluxe Edition,2024.0,40,edition_bigbox,remove,edition_deluxe_title_clean_duplicate_keep_more_popular (base=tiny epic cthulhu),404893.0,True
408885,Redwood: Big Box,2023.0,66,edition_bigbox,remove,edition_deluxe_title_clean_duplicate_keep_more_popular (base=redwood),359962.0,True
410226,Raising Robots: Deluxe,2023.0,176,edition_bigbox,remove,edition_deluxe_title_clean_duplicate_keep_more_popular (base=raising robots),366683.0,True
415843,Puerto Rico 1897: Special Edition,2025.0,122,edition_bigbox,remove,edition_deluxe_title_clean_duplicate_keep_more_popular (base=puerto rico),3076.0,True
417268,Oh My Goods!: Big Box,2024.0,67,edition_bigbox,remove,edition_deluxe_title_clean_duplicate_keep_more_popular (base=oh my goods!),183840.0,True
418470,Endeavor: Deep Sea Deluxe Edition,2024.0,322,edition_bigbox,remove,edition_deluxe_title_clean_duplicate_keep_more_popular (base=endeavor: deep sea),367966.0,True
418556,Rebel Princess Deluxe Edition,2024.0,347,edition_bigbox,remove,edition_deluxe_title_clean_duplicate_keep_more_popular (base=rebel princess),381249.0,True
420068,Orléans: Anniversary Box,2024.0,113,edition_bigbox,remove,edition_deluxe_title_clean_duplicate_keep_more_popular (base=orléans),164928.0,True
422668,Ghost Fightin' Treasure Hunters: Anniversary Edition,2024.0,39,edition_bigbox,remove,edition_deluxe_title_clean_duplicate_keep_more_popular (base=ghost fightin' treasure hunters),146312.0,True
427618,Tiny Epic Game of Thrones: Deluxe Edition,2025.0,31,edition_bigbox,remove,edition_deluxe_title_clean_duplicate_keep_more_popular (base=tiny epic game of thrones),409978.0,True
428556,Farms Race: Deluxe Edition,2024.0,15,edition_bigbox,remove,edition_deluxe_title_clean_duplicate_keep_more_popular (base=farms race),395181.0,True
428559,Creature Caravan: Deluxe Edition,2024.0,143,edition_bigbox,remove,edition_deluxe_title_clean_duplicate_keep_more_popular (base=creature caravan),385331.0,True
429608,Mü & more: Revised Edition,2024.0,38,edition_bigbox,remove,edition_deluxe_title_clean_duplicate_keep_more_popular (base=mü & more),152.0,True
429653,Andromeda's Edge: Deluxe Edition,2024.0,225,edition_bigbox,remove,edition_deluxe_title_clean_duplicate_keep_more_popular (base=andromeda's edge),358661.0,True
429717,Railroad Tiles: Collector's Edition,2025.0,0,edition_bigbox,remove,edition_deluxe_title_clean_duplicate_keep_more_popular (base=railroad tiles),418062.0,True
33495,Time's Up! Édition purple,2007.0,356,family_monikers_timesup,remove,family_timesup_keep_base (Game: Time's Up!),1353.0,True
36553,Time's Up! Title Recall!,2008.0,3629,family_monikers_timesup,remove,family_timesup_keep_base (Game: Time's Up!),1353.0,True
38713,Time's Up! Edición Amarilla,2008.0,1622,family_monikers_timesup,remove,family_timesup_keep_base (Game: Time's Up!),1353.0,True
46158,Time's Up! Academy,2009.0,575,family_monikers_timesup,remove,family_timesup_keep_base (Game: Time's Up!),1353.0,True
57660,Time's Up! Edición Azul,2006.0,1365,family_monikers_timesup,remove,family_timesup_keep_base (Game: Time's Up!),1353.0,True
88126,Time's Up! Family,2010.0,969,family_monikers_timesup,remove,family_timesup_keep_base (Game: Time's Up!),1353.0,True
174219,Time's Up! Kids,2015.0,254,family_monikers_timesup,remove,family_timesup_keep_base (Game: Time's Up!),1353.0,True
179448,Monikers: Shmonikers,2015.0,319,family_monikers_timesup,remove,family_monikers_keep_base (stem=monikers),156546.0,True
195709,Monikers: Something Something,2016.0,246,family_monikers_timesup,remove,family_monikers_keep_base (stem=monikers),156546.0,True
221248,Monikers: The Shut Up & Sit Down Nonsense Box,2017.0,465,family_monikers_timesup,remove,family_monikers_keep_base (stem=monikers),156546.0,True
230262,Time's Up! Party Edition,2004.0,553,family_monikers_timesup,remove,family_timesup_keep_base (Game: Time's Up!),1353.0,True
255249,Monikers: More Monikers,2018.0,452,family_monikers_timesup,remove,family_monikers_keep_base (stem=monikers),156546.0,True
283151,Monikers: Classics,2019.0,263,family_monikers_timesup,remove,family_monikers_keep_base (stem=monikers),156546.0,True
283152,Monikers: Serious Nonsense,2019.0,500,family_monikers_timesup,remove,family_monikers_keep_base (stem=monikers),156546.0,True
347304,Time's Up!: Harry Potter,2021.0,180,family_monikers_timesup,remove,family_timesup_keep_base (Game: Time's Up!),1353.0,True
404462,Monikers: Monikers-er,2023.0,61,family_monikers_timesup,remove,family_monikers_keep_base (stem=monikers),156546.0,True
