game_id,title,year,n_obs,adj_mean,resid_Q3bFam,hiddenness,eligibility_flag,from_category,to_category,reason,mover_type,evidence
147190,Yggdrasil (Second Edition with Asgard Expansion),2013.0,250,7.941970165184061,1.0960663468408525,eligible,borderline,strong_hidden_gem_evidence (Pass5 33),plausible_hidden_gem (Pass6 final 29),"plausible (demoted from strong per review — borderline edition Big Box/Ultimate compilation, needs manual related/parent + designer/year/weight audit, not genuinely hidden; Q4 robust but eligibility borderline pending human review per Pass5 new_candidate_audit pattern):  hidden eligible (<1700); quality robust LB 7.79>=7.0; Q4 robust 1.07>=0.60; taxonomy moderate_audience_selectivity; overlap borderline_overlap; sens moderately_sensitive; cross broad (n_sup 7 has_broad True, no niche_drop); adj 7.94 resid 1.10 — passes all 6 dimensions per definition | DEMOTED: borderline edition Big Box/Ultimate/Second Edition compilation — review queue not hard exclude, but not validated hidden discovery (per-pattern n<50 below gate, heterogeneous, not statistically validated; general q75 0.96 not triggered, but compilation leakage requires human validation before strong)",lost_strong_pass5_to_pass6,"borderline edition Big Box/Ultimate/Second Edition compilation — per-pattern n<50 below gate, heterogeneous, not statistically validated; demoted per review §6"
212956,Room 25 Ultimate,2016.0,873,7.595697657822653,1.0508678343583249,eligible,borderline,strong_hidden_gem_evidence (Pass5 33),plausible_hidden_gem (Pass6 final 29),"plausible (demoted from strong per review — borderline edition Big Box/Ultimate compilation, needs manual related/parent + designer/year/weight audit, not genuinely hidden; Q4 robust but eligibility borderline pending human review per Pass5 new_candidate_audit pattern):  hidden eligible (<1700); quality robust LB 7.52>=7.0; Q4 robust 1.02>=0.60; taxonomy moderate_audience_selectivity; overlap borderline_overlap; sens moderately_sensitive; cross broad (n_sup 7 has_broad True, no niche_drop); adj 7.60 resid 1.05 — passes all 6 dimensions per definition | DEMOTED: borderline edition Big Box/Ultimate/Second Edition compilation — review queue not hard exclude, but not validated hidden discovery (per-pattern n<50 below gate, heterogeneous, not statistically validated; general q75 0.96 not triggered, but compilation leakage requires human validation before strong)",lost_strong_pass5_to_pass6,"borderline edition Big Box/Ultimate/Second Edition compilation — per-pattern n<50 below gate, heterogeneous, not statistically validated; demoted per review §6"
317030,Quest: Avalon Big Box Edition,2021.0,322,8.283888142620466,1.078706432911451,eligible,borderline,strong_hidden_gem_evidence (Pass5 33),plausible_hidden_gem (Pass6 final 29),"plausible (demoted from strong per review — borderline edition Big Box/Ultimate compilation, needs manual related/parent + designer/year/weight audit, not genuinely hidden; Q4 robust but eligibility borderline pending human review per Pass5 new_candidate_audit pattern):  hidden eligible (<1700); quality robust LB 8.15>=7.0; Q4 robust 0.98>=0.60; taxonomy moderate_audience_selectivity; overlap borderline_overlap; sens moderately_sensitive; cross broad (n_sup 5 has_broad True, no niche_drop); adj 8.28 resid 1.08 — passes all 6 dimensions per definition | DEMOTED: borderline edition Big Box/Ultimate/Second Edition compilation — review queue not hard exclude, but not validated hidden discovery (per-pattern n<50 below gate, heterogeneous, not statistically validated; general q75 0.96 not triggered, but compilation leakage requires human validation before strong)",lost_strong_pass5_to_pass6,"borderline edition Big Box/Ultimate/Second Edition compilation — per-pattern n<50 below gate, heterogeneous, not statistically validated; demoted per review §6"
367396,Avalon: Big Box,2022.0,398,8.346901925748652,0.9368294168363764,eligible,borderline,strong_hidden_gem_evidence (Pass5 33),plausible_hidden_gem (Pass6 final 29),"plausible (demoted from strong per review — borderline edition Big Box/Ultimate compilation, needs manual related/parent + designer/year/weight audit, not genuinely hidden; Q4 robust but eligibility borderline pending human review per Pass5 new_candidate_audit pattern):  hidden eligible (<1700); quality robust LB 8.23>=7.0; Q4 robust 0.86>=0.60; taxonomy moderate_audience_selectivity; overlap borderline_overlap; sens moderately_sensitive; cross broad (n_sup 7 has_broad True, no niche_drop); adj 8.35 resid 0.94 — passes all 6 dimensions per definition | DEMOTED: borderline edition Big Box/Ultimate/Second Edition compilation — review queue not hard exclude, but not validated hidden discovery (per-pattern n<50 below gate, heterogeneous, not statistically validated; general q75 0.96 not triggered, but compilation leakage requires human validation before strong)",lost_strong_pass5_to_pass6,"borderline edition Big Box/Ultimate/Second Edition compilation — per-pattern n<50 below gate, heterogeneous, not statistically validated; demoted per review §6"
2470,The Extraordinary Adventures of Baron Munchausen,1998.0,379,7.54142635668983,1.675909551702483,eligible,eligible,strong (Pass5),strong (Pass6 final),strong: hidden eligible (<1700); quality robust LB 7.42>=7.0; Q4 robust 1.60>=0.60; taxonomy moderate_audience_selectivity; overlap borderline_overlap; sens moderately_sensitive; cross broad (n_sup 7 ,preserved_strong,preserved legitimate moderate adequate borderline cross broad
12166,Funkenschlag,2001.0,897,7.979448127313571,0.8211949631766977,eligible,eligible,strong (Pass5),strong (Pass6 final),strong: hidden eligible (<1700); quality robust LB 7.90>=7.0; Q4 robust 0.70>=0.60; taxonomy moderate_audience_selectivity; overlap borderline_overlap; sens moderately_sensitive; cross broad (n_sup 7 ,preserved_strong,preserved legitimate moderate adequate borderline cross broad
41090,Magnate,2008.0,210,7.683532630210059,1.1239583821871555,eligible,eligible,strong (Pass5),strong (Pass6 final),strong: hidden eligible (<1700); quality robust LB 7.52>=7.0; Q4 robust 1.10>=0.60; taxonomy moderate_audience_selectivity; overlap borderline_overlap; sens moderately_sensitive; cross broad (n_sup 4 ,preserved_strong,preserved legitimate moderate adequate borderline cross broad
184424,Mega Civilization,2015.0,1035,8.616270610757237,0.8333819157869158,eligible,eligible,strong (Pass5),strong (Pass6 final),strong: hidden eligible (<1700); quality robust LB 8.54>=7.0; Q4 robust 0.94>=0.60; taxonomy moderate_audience_selectivity; overlap borderline_overlap; sens moderately_sensitive; cross broad (n_sup 7 ,preserved_strong,preserved legitimate moderate adequate borderline cross broad
187988,Pyramid Arcade,2016.0,813,7.945993544520125,0.8893168917946142,eligible,eligible,strong (Pass5),strong (Pass6 final),strong: hidden eligible (<1700); quality robust LB 7.86>=7.0; Q4 robust 1.04>=0.60; taxonomy moderate_audience_selectivity; overlap borderline_overlap; sens moderately_sensitive; cross broad (n_sup 7 ,preserved_strong,preserved legitimate moderate adequate borderline cross broad
