game_id,title,pass6_p80_outcome,pass7_final_outcome,direction,eligibility_flag_final,reason_final
4385,A Gamut of Games,strong_hidden_gem_evidence,niche_but_high_quality,lost (strong->niche/plausible),borderline,"compilation container: contained_in target from 2 distinct bases (e.g., [789, 3406]) — candidate is anthology/compilatio"
9963,Santorini,strong_hidden_gem_evidence,niche_but_high_quality,lost (strong->niche/plausible),borderline,family-title overlap 'Game: Santorini' eco 3 token 'santor' in title 'Santorini' + not canonical base (max 38946 vs this
12166,Funkenschlag,strong_hidden_gem_evidence,niche_but_high_quality,lost (strong->niche/plausible),eligible,
32928,Mü and Lots More,strong_hidden_gem_evidence,excluded_not_eligible,lost (strong->niche/plausible),hard_exclude,multi-game/container entry via categories Game System + description 'Compendium of intriguing trick-taking games.' (e.g.
41090,Magnate,strong_hidden_gem_evidence,niche_but_high_quality,lost (strong->niche/plausible),eligible,
43262,Neuroshima Hex! Duel,strong_hidden_gem_evidence,niche_but_high_quality,lost (strong->niche/plausible),eligible,
62814,Tumblin-Dice Medium,strong_hidden_gem_evidence,niche_but_high_quality,lost (strong->niche/plausible),borderline,size/edition variant 'Tumblin-Dice Medium' stripped base 'Tumblin-Dice' indicates variant via title pattern Medium/Max/P
75448,Tanto Cuore: Romantic Vacation,strong_hidden_gem_evidence,niche_but_high_quality,lost (strong->niche/plausible),borderline,family-title overlap 'Game: Tanto Cuore' eco 6 token 'tanto ' in title 'Tanto Cuore: Romantic Vacation' + not canonical 
94902,Dungeons & Dragons Starter Set,strong_hidden_gem_evidence,excluded_not_eligible,lost (strong->niche/plausible),hard_exclude,"multi-game/container entry via categories Game System + description '' (e.g., Pyramid Arcade 441 games in box) via famil"
124839,Hoplomachus: The Lost Cities,strong_hidden_gem_evidence,niche_but_high_quality,lost (strong->niche/plausible),borderline,family-title overlap 'Game: Hoplomachus' eco 5 token 'hoplom' in title 'Hoplomachus: The Lost Cities' + not canonical ba
138704,Northern Pacific,strong_hidden_gem_evidence,niche_but_high_quality,lost (strong->niche/plausible),borderline,"established series derivative via families Series: Cube Rails eco 33 (≥20, like Series: Unlock! 47, Series: Adventures I"
139131,Hoplomachus: Rise of Rome,strong_hidden_gem_evidence,niche_but_high_quality,lost (strong->niche/plausible),borderline,"base-title duplicate variant 'Hoplomachus: Rise of Rome' shares prefix 'hoplomachus' with 3 games in pool (e.g., group m"
147190,Yggdrasil (Second Edition with Asgard Expansion),strong_hidden_gem_evidence,niche_but_high_quality,lost (strong->niche/plausible),borderline,edition_title 'Yggdrasil (Second Edition with Asgard Expansion)' contains edition pattern but no version/contained_in li
152765,Thunderstone Advance: Worlds Collide,strong_hidden_gem_evidence,niche_but_high_quality,lost (strong->niche/plausible),borderline,base-title duplicate variant 'Thunderstone Advance: Worlds Collide' shares prefix 'thunderstone advance' with 2 games in
153498,Kamisado Max,strong_hidden_gem_evidence,niche_but_high_quality,lost (strong->niche/plausible),borderline,size/edition variant 'Kamisado Max' stripped base 'Kamisado' indicates variant via title pattern Medium/Max/Pocket etc +
156372,Heart of Crown: Fairy Garden,strong_hidden_gem_evidence,niche_but_high_quality,lost (strong->niche/plausible),borderline,"base-title duplicate variant 'Heart of Crown: Fairy Garden' shares prefix 'heart of crown' with 2 games in pool (e.g., g"
180543,"Exceed: Red Horizon – Reese, Heidi, Nehtali, and Vincent",strong_hidden_gem_evidence,niche_but_high_quality,lost (strong->niche/plausible),borderline,"family-title overlap 'Game: Exceed Fighting System' eco 8 token 'exceed' in title 'Exceed: Red Horizon – Reese, Heidi, N"
180942,A Touch of Evil: Dark Gothic – Colonial Horror,strong_hidden_gem_evidence,niche_but_high_quality,lost (strong->niche/plausible),borderline,family-title overlap 'Game: A Touch of Evil: Dark Gothic' eco 2 token 'a touc' in title 'A Touch of Evil: Dark Gothic – 
187926,Islebound: Kickstarter Edition,strong_hidden_gem_evidence,niche_but_high_quality,lost (strong->niche/plausible),borderline,edition_title 'Islebound: Kickstarter Edition' contains edition pattern but no version/contained_in link and no Game: fa
187988,Pyramid Arcade,strong_hidden_gem_evidence,excluded_not_eligible,lost (strong->niche/plausible),hard_exclude,"multi-game/container entry via categories Game System + description 'Twenty-two pyramid games in one box.' (e.g., Pyrami"
189190,9 Lives,strong_hidden_gem_evidence,niche_but_high_quality,lost (strong->niche/plausible),borderline,"established series derivative via families Series: Small Box Big Game (Allplay) eco 22 (≥20, like Series: Unlock! 47, Se"
194923,Techno Bowl: Arcade Football Unplugged,strong_hidden_gem_evidence,niche_but_high_quality,lost (strong->niche/plausible),borderline,edition_title 'Techno Bowl: Arcade Football Unplugged' contains edition pattern but no version/contained_in link and no 
200456,Ascension X: War of Shadows,strong_hidden_gem_evidence,niche_but_high_quality,lost (strong->niche/plausible),borderline,version target of 2228 (War of the Ring) via game_links version + families ['Game: Ascension Deck Building'] but title '
204728,BattleCON: Trials of Indines,strong_hidden_gem_evidence,niche_but_high_quality,lost (strong->niche/plausible),borderline,"base-title duplicate variant 'BattleCON: Trials of Indines' shares prefix 'battlecon' with 5 games in pool (e.g., group "
212346,Shadows of Brimstone: Forbidden Fortress,strong_hidden_gem_evidence,niche_but_high_quality,lost (strong->niche/plausible),borderline,base-title duplicate variant 'Shadows of Brimstone: Forbidden Fortress' shares prefix 'shadows of brimstone' with 6 game
212370,Omen: Edge of the Aegean,strong_hidden_gem_evidence,niche_but_high_quality,lost (strong->niche/plausible),borderline,"base-title duplicate variant 'Omen: Edge of the Aegean' shares prefix 'omen' with 4 games in pool (e.g., group max n_obs"
212956,Room 25 Ultimate,strong_hidden_gem_evidence,niche_but_high_quality,lost (strong->niche/plausible),borderline,edition_title 'Room 25 Ultimate' contains edition pattern but no version/contained_in link and no Game: family — borderl
214296,Tenkatoitsu,strong_hidden_gem_evidence,niche_but_high_quality,lost (strong->niche/plausible),eligible,
214988,Railways of Nippon,strong_hidden_gem_evidence,niche_but_high_quality,lost (strong->niche/plausible),borderline,family-title overlap 'Game: Railways of the World' eco 4 token 'railwa' in title 'Railways of Nippon' + not canonical ba
218933,Warhammer Quest: Shadows Over Hammerhal,strong_hidden_gem_evidence,niche_but_high_quality,lost (strong->niche/plausible),borderline,base-title duplicate variant 'Warhammer Quest: Shadows Over Hammerhal' shares prefix 'warhammer quest' with 2 games in p
219217,Arena: The Contest,strong_hidden_gem_evidence,niche_but_high_quality,lost (strong->niche/plausible),eligible,
219650,Arydia: The Paths We Dare Tread,strong_hidden_gem_evidence,niche_but_high_quality,lost (strong->niche/plausible),eligible,
224678,Baseball Highlights: 2045 – Spring Training,strong_hidden_gem_evidence,niche_but_high_quality,lost (strong->niche/plausible),borderline,base-title duplicate variant 'Baseball Highlights: 2045 – Spring Training' shares prefix 'baseball highlights' with 4 ga
228399,Okko Chronicles: Cycle of Water – Quest into Darkness,strong_hidden_gem_evidence,niche_but_high_quality,lost (strong->niche/plausible),borderline,family-title overlap 'Game: Okko' eco 2 token 'okko' in title 'Okko Chronicles: Cycle of Water – Quest into Darkness' + 
231962,Krazy Wordz,strong_hidden_gem_evidence,niche_but_high_quality,lost (strong->niche/plausible),borderline,"base-title duplicate variant 'Krazy Wordz' shares prefix 'krazy wordz' with 2 games in pool (e.g., group max n_obs 1080 "
233261,Tidal Blades 2: Rise of the Unfolders,strong_hidden_gem_evidence,niche_but_high_quality,lost (strong->niche/plausible),borderline,volume/sequel derivative 'Tidal Blades 2: Rise of the Unfolders' contains volume pattern (\d+:) + no Game: family but fu
247104,Blitz Bowl,strong_hidden_gem_evidence,niche_but_high_quality,lost (strong->niche/plausible),eligible,
251551,Dale of Merchants Collection,strong_hidden_gem_evidence,niche_but_high_quality,lost (strong->niche/plausible),borderline,edition_title 'Dale of Merchants Collection' contains edition pattern (Medium/Max/Pocket/Collector etc) + families ['Gam
251830,Alhambra: Mega Box,strong_hidden_gem_evidence,niche_but_high_quality,lost (strong->niche/plausible),borderline,edition_title 'Alhambra: Mega Box' contains edition pattern (Medium/Max/Pocket/Collector etc) + families ['Game: Alhambr
257145,Teenage Mutant Ninja Turtles Adventures: City Fall,strong_hidden_gem_evidence,niche_but_high_quality,lost (strong->niche/plausible),borderline,base-title duplicate variant 'Teenage Mutant Ninja Turtles Adventures: City Fall' shares prefix 'teenage mutant ninja tu
257601,The Duke: Lord's Legacy,strong_hidden_gem_evidence,niche_but_high_quality,lost (strong->niche/plausible),eligible,
263192,Teenage Mutant Ninja Turtles Adventures: Change is Constant,strong_hidden_gem_evidence,niche_but_high_quality,lost (strong->niche/plausible),eligible,
265752,Exceed: Street Fighter – Ryu Box,strong_hidden_gem_evidence,niche_but_high_quality,lost (strong->niche/plausible),borderline,edition_title 'Exceed: Street Fighter – Ryu Box' contains edition pattern (Medium/Max/Pocket/Collector etc) + families [
266448,Imperium: The Contention,strong_hidden_gem_evidence,niche_but_high_quality,lost (strong->niche/plausible),eligible,
270871,Agemonia,strong_hidden_gem_evidence,niche_but_high_quality,lost (strong->niche/plausible),borderline,version target of 2511 (Sherlock Holmes Consulting Detective: The Thames Murders & Other Cases) via game_links version b
275564,Maximum Apocalypse: Legendary Edition,strong_hidden_gem_evidence,niche_but_high_quality,lost (strong->niche/plausible),borderline,edition_title 'Maximum Apocalypse: Legendary Edition' contains edition pattern but no version/contained_in link and no G
275972,Star Trek: Alliance – Dominion War Campaign,strong_hidden_gem_evidence,niche_but_high_quality,lost (strong->niche/plausible),borderline,base-title duplicate variant 'Star Trek: Alliance – Dominion War Campaign' shares prefix 'star trek' with 5 games in poo
292899,Tribune,strong_hidden_gem_evidence,niche_but_high_quality,lost (strong->niche/plausible),borderline,"base-title duplicate variant 'Tribune' shares prefix 'tribune' with 2 games in pool (e.g., group max n_obs 4660 vs this "
299607,Capital Lux 2: Generations,strong_hidden_gem_evidence,niche_but_high_quality,lost (strong->niche/plausible),borderline,volume/sequel derivative 'Capital Lux 2: Generations' contains volume pattern (\d+:) + no Game: family but full-pop base
308388,Egizia: Shifting Sands – Kickstarter Edition,strong_hidden_gem_evidence,niche_but_high_quality,lost (strong->niche/plausible),borderline,edition_title 'Egizia: Shifting Sands – Kickstarter Edition' contains edition pattern but no version/contained_in link a
315048,Survive: Escape from Atlantis!,strong_hidden_gem_evidence,niche_but_high_quality,lost (strong->niche/plausible),borderline,"base-title duplicate variant 'Survive: Escape from Atlantis!' shares prefix 'survive' with 2 games in pool (e.g., group "
315975,Dungeon Fighter in the Labyrinth of Sinister Storms,strong_hidden_gem_evidence,niche_but_high_quality,lost (strong->niche/plausible),borderline,family-title overlap 'Game: Dungeon Fighter' eco 5 token 'dungeo' in title 'Dungeon Fighter in the Labyrinth of Sinister
316343,Capital Lux 2: Pocket,strong_hidden_gem_evidence,niche_but_high_quality,lost (strong->niche/plausible),borderline,size/edition variant 'Capital Lux 2: Pocket' stripped base 'Capital Lux 2:' indicates variant via title pattern Medium/M
319604,Ricochet: A la poursuite du Comte courant,strong_hidden_gem_evidence,niche_but_high_quality,lost (strong->niche/plausible),eligible,
320698,Blitz Bowl: Season 2,strong_hidden_gem_evidence,niche_but_high_quality,lost (strong->niche/plausible),borderline,"base-title duplicate variant 'Blitz Bowl: Season 2' shares prefix 'blitz bowl' with 3 games in pool (e.g., group max n_o"
320855,Sakura Arms: Yurina Box,strong_hidden_gem_evidence,niche_but_high_quality,lost (strong->niche/plausible),borderline,edition_title 'Sakura Arms: Yurina Box' contains edition pattern (Medium/Max/Pocket/Collector etc) + families ['Game: Sa
324711,Schadenfreude,strong_hidden_gem_evidence,niche_but_high_quality,lost (strong->niche/plausible),borderline,version target of 9209 (Ticket to Ride) via game_links version but no Game: family and no edition token — borderline
327056,Unlock! Kids: Detective Stories,strong_hidden_gem_evidence,niche_but_high_quality,lost (strong->niche/plausible),borderline,"established series derivative via families Series: Unlock! (Space Cowboys) eco 47 (≥20, like Series: Unlock! 47, Series:"
329106,Fallen Land: A Post Apocalyptic Board Game – 2nd Edition,strong_hidden_gem_evidence,niche_but_high_quality,lost (strong->niche/plausible),borderline,edition_title 'Fallen Land: A Post Apocalyptic Board Game – 2nd Edition' contains edition pattern but no version/contain
335446,Maximum Apocalypse: Wasted Wilds,strong_hidden_gem_evidence,niche_but_high_quality,lost (strong->niche/plausible),borderline,edition_title 'Maximum Apocalypse: Wasted Wilds' contains edition pattern but no version/contained_in link and no Game: 
344415,Trek 12: Amazonia,strong_hidden_gem_evidence,niche_but_high_quality,lost (strong->niche/plausible),eligible,
345976,System Gateway (fan expansion for Android: Netrunner),strong_hidden_gem_evidence,niche_but_high_quality,lost (strong->niche/plausible),borderline,container-like 'System Gateway (fan expansion for Android: Netrunner)' via title pattern Collection/Arcade/Box + familie
347811,Too Many Bones: Unbreakable,strong_hidden_gem_evidence,niche_but_high_quality,lost (strong->niche/plausible),borderline,"base-title duplicate variant 'Too Many Bones: Unbreakable' shares prefix 'too many bones' with 2 games in pool (e.g., gr"
349703,Race! Formula 90: 2nd Edition,strong_hidden_gem_evidence,niche_but_high_quality,lost (strong->niche/plausible),borderline,"contained_in target of 125752 (Race! Formula 90) via game_links contained_in but no Game: family, title 'Race! Formula 9"
351113,KeyForge: Winds of Exchange,strong_hidden_gem_evidence,niche_but_high_quality,lost (strong->niche/plausible),borderline,family-title overlap 'Game: KeyForge' eco 6 token 'keyfor' in title 'KeyForge: Winds of Exchange' + not canonical base (
355997,Thunder Road: Vendetta – Maximum Chrome,strong_hidden_gem_evidence,niche_but_high_quality,lost (strong->niche/plausible),borderline,"contained_in target of 342070 (Thunder Road: Vendetta) via game_links contained_in but no Game: family, title 'Thunder R"
359612,Trick Shot (Second Edition),strong_hidden_gem_evidence,niche_but_high_quality,lost (strong->niche/plausible),borderline,edition_title 'Trick Shot (Second Edition)' contains edition pattern but no version/contained_in link and no Game: famil
360366,Tainted Grail: Kings of Ruin,strong_hidden_gem_evidence,niche_but_high_quality,lost (strong->niche/plausible),borderline,family-title overlap 'Game: Tainted Grail' eco 2 token 'tainte' in title 'Tainted Grail: Kings of Ruin' + not canonical 
360956,"Suspects: Claire Harper, Eternal Investigator",strong_hidden_gem_evidence,niche_but_high_quality,lost (strong->niche/plausible),eligible,
363625,Fateforge: Chronicles of Kaan,strong_hidden_gem_evidence,niche_but_high_quality,lost (strong->niche/plausible),eligible,
364655,Kinfire Chronicles: Night's Fall,strong_hidden_gem_evidence,niche_but_high_quality,lost (strong->niche/plausible),eligible,
366748,Northgard: Uncharted Lands – Warchief Collector Edition,strong_hidden_gem_evidence,niche_but_high_quality,lost (strong->niche/plausible),borderline,size/edition variant 'Northgard: Uncharted Lands – Warchief Collector Edition' stripped base 'Northgard: Uncharted Lands
373835,Unlock! Kids: Stories from the Past,strong_hidden_gem_evidence,niche_but_high_quality,lost (strong->niche/plausible),borderline,base-title duplicate variant 'Unlock! Kids: Stories from the Past' shares prefix 'unlock! kids' with 2 games in pool (e.
380175,Halloween,strong_hidden_gem_evidence,niche_but_high_quality,lost (strong->niche/plausible),eligible,
380707,Vindication: Archive of the Ancients,strong_hidden_gem_evidence,niche_but_high_quality,lost (strong->niche/plausible),eligible,
382035,Cursed!?,strong_hidden_gem_evidence,niche_but_high_quality,lost (strong->niche/plausible),borderline,"container-like 'Cursed!?' via title pattern Collection/Arcade/Box + families ['Containers: Mint Tins', 'Creatures: Monst"
385325,Skytear Horde: Monoliths,strong_hidden_gem_evidence,niche_but_high_quality,lost (strong->niche/plausible),eligible,
386538,Astro Knights: Eternity,strong_hidden_gem_evidence,niche_but_high_quality,lost (strong->niche/plausible),eligible,
387144,R-ECO+,strong_hidden_gem_evidence,niche_but_high_quality,lost (strong->niche/plausible),eligible,
390173,Mindbug: Beyond Evolution,strong_hidden_gem_evidence,niche_but_high_quality,lost (strong->niche/plausible),borderline,family-title overlap 'Game: Mindbug' eco 3 token 'mindbu' in title 'Mindbug: Beyond Evolution' + not canonical base (max
392513,Mindbug: Beyond Eternity,strong_hidden_gem_evidence,niche_but_high_quality,lost (strong->niche/plausible),borderline,family-title overlap 'Game: Mindbug' eco 3 token 'mindbu' in title 'Mindbug: Beyond Eternity' + not canonical base (max 
410209,Hitster: Summer Party,strong_hidden_gem_evidence,niche_but_high_quality,lost (strong->niche/plausible),borderline,"base-title duplicate variant 'Hitster: Summer Party' shares prefix 'hitster' with 3 games in pool (e.g., group max n_obs"
20,Full Metal Planète,pass2_not_strong_or_not_in_pool,strong_hidden_gem_evidence,gained_vs_pass2_39,eligible,new pool P80 includes lower resid 0.403-0.75 range; not in original 532 pool
384,TurfMaster,pass2_not_strong_or_not_in_pool,strong_hidden_gem_evidence,gained_vs_pass2_39,eligible,new pool P80 includes lower resid 0.403-0.75 range; not in original 532 pool
541,Das Motorsportspiel,pass2_not_strong_or_not_in_pool,strong_hidden_gem_evidence,gained_vs_pass2_39,eligible,new pool P80 includes lower resid 0.403-0.75 range; not in original 532 pool
756,Black Vienna,pass2_not_strong_or_not_in_pool,strong_hidden_gem_evidence,gained_vs_pass2_39,eligible,new pool P80 includes lower resid 0.403-0.75 range; not in original 532 pool
1803,Zopp,pass2_not_strong_or_not_in_pool,strong_hidden_gem_evidence,gained_vs_pass2_39,eligible,new pool P80 includes lower resid 0.403-0.75 range; not in original 532 pool
2125,Amazons,pass2_not_strong_or_not_in_pool,strong_hidden_gem_evidence,gained_vs_pass2_39,eligible,new pool P80 includes lower resid 0.403-0.75 range; not in original 532 pool
2251,Strat-O-Matic Baseball,pass2_not_strong_or_not_in_pool,strong_hidden_gem_evidence,gained_vs_pass2_39,eligible,new pool P80 includes lower resid 0.403-0.75 range; not in original 532 pool
3406,Lines of Action,pass2_not_strong_or_not_in_pool,strong_hidden_gem_evidence,gained_vs_pass2_39,eligible,new pool P80 includes lower resid 0.403-0.75 range; not in original 532 pool
4079,What's My Word?,pass2_not_strong_or_not_in_pool,strong_hidden_gem_evidence,gained_vs_pass2_39,eligible,new pool P80 includes lower resid 0.403-0.75 range; not in original 532 pool
5217,Eleusis,pass2_not_strong_or_not_in_pool,strong_hidden_gem_evidence,gained_vs_pass2_39,eligible,new pool P80 includes lower resid 0.403-0.75 range; not in original 532 pool
