base_title,game_id,title,year,weight,resid_Q3bFam,in_pruned
,152241,Ultimate Werewolf,2014,1.15,0.643,False
,140457,Ultimate Werewolf: Inquisition,2013,1.68,0.447,False
,2265,Ultimate Stratego,1997,2.1,-0.32,False
,42336,Ultimate Tic-Tac-Toe,2008,2.0,0.001,False
,920,Ultimate Outburst,1999,1.36,0.472,False
,3874,Ultimate Mastermind,1972,2.26,-0.321,False
,67148,Ultimate Werewolf: Compact Edition,2010,1.44,0.913,False
,38159,Ultimate Werewolf: Ultimate Edition,2008,1.49,0.784,False
,311920,Ultimate Werewolf: Extreme,2021,2.4,0.955,False
,152242,Ultimate Werewolf: Deluxe Edition,2014,1.51,0.679,False
,12304,Deluxe Pass the Pigs,2004,1.07,-0.319,False
,206715,Ultimate Werewolf Legacy,2018,2.5,0.003,False
,329591,Ultimate Railroads,2021,3.26,0.481,False
,100679,Ultimate Warriorz,2011,1.3,0.512,False
one night,180956,One Night Ultimate Vampire,2016,1.59,0.053,False
one night,204431,One Night Ultimate Alien,2017,1.9,0.071,False
one night,147949,One Night Ultimate Werewolf,2014,1.38,0.067,False
one night,163166,One Night Ultimate Werewolf: Daybreak,2015,1.41,0.576,False
one night,255293,One Night Ultimate Super Villains,2019,1.5,0.193,False
puerto rico,3076,Puerto Rico,2002,3.27,0.287,False
puerto rico,108687,Puerto Rico,2011,3.22,0.96,False
puerto rico,165332,Puerto Rico,2007,3.08,1.457,False
puerto rico,318985,Puerto Rico,2020,3.04,0.464,False
century: golem,232832,Century: Golem Edition,2017,1.71,0.55,False
century: golem,283619,Century: Golem Edition – Eastern Mountains,2019,2.19,0.255,False
century: golem,312318,Century: Golem Edition – An Endless World,2020,2.14,0.374,False
room 25,127024,Room 25,2013,1.93,0.003,False
room 25,212956,Room 25 Ultimate,2016,2.14,0.998,False
the champion of the wild,186904,The Champion of the Wild,2018,1.2,0.711,False
the champion of the wild,295503,The Champion of the Wild (Second Edition),2019,1.2,1.045,False
last will,201856,Last Will,2016,2.5,0.736,False
last will,97842,Last Will,2011,2.72,0.118,False
arkham horror: the card game,205637,Arkham Horror: The Card Game,2016,3.57,-0.045,False
arkham horror: the card game,359609,Arkham Horror: The Card Game (Revised Edition),2021,3.74,0.546,False
tokyo highway,215463,Tokyo Highway,2016,1.41,0.081,False
tokyo highway,261901,Tokyo Highway,2018,1.46,0.079,False
viticulture,128621,Viticulture,2013,2.95,0.057,False
viticulture,183394,Viticulture Essential Edition,2015,2.9,0.16,False
pandánte,140163,Pandánte,2014,1.95,-0.058,False
pandánte,174852,Pandánte (Second Edition),2015,2.1,0.766,False
kitchen rush,223953,Kitchen Rush,2017,2.19,0.171,False
kitchen rush,287938,Kitchen Rush (Revised Edition),2019,2.12,0.362,False
aquasphere,289223,AquaSphere,2019,3.86,0.434,False
aquasphere,159508,AquaSphere,2014,3.68,-0.246,False
blitzkrieg!: world war two in 20 minutes,347521,Blitzkrieg!: World War Two in 20 Minutes,2021,1.72,0.271,False
blitzkrieg!: world war two in 20 minutes,258210,Blitzkrieg!: World War Two in 20 Minutes,2019,1.91,-0.055,False
the ancient world,259298,The Ancient World (Second Edition),2019,2.86,0.139,False
the ancient world,147253,The Ancient World,2014,2.73,0.095,False
gem rush,251350,Gem Rush (Second Edition),2018,2.0,0.076,False
gem rush,145393,Gem Rush,2013,1.79,0.234,False
chai,328636,Chai (Deluxe Edition),2020,2.0,-0.108,False
chai,253185,Chai,2019,1.71,-0.136,False
illuminati,859,Illuminati,1982,2.48,-0.319,False
illuminati,28,Illuminati,1987,2.65,-0.296,False
cornerstone,86415,Cornerstone Essential,2010,1.67,0.602,False
cornerstone,38429,Cornerstone,2008,1.68,1.19,False
lignum,222407,Lignum (Second Edition),2017,4.1,0.298,False
lignum,174155,Lignum,2015,3.81,0.193,False
alien vs predator: the hunt begins,149896,Alien vs Predator: The Hunt Begins,2015,3.48,-0.699,False
alien vs predator: the hunt begins,226009,Alien vs Predator: The Hunt Begins (Second Edition),2017,3.56,-0.121,False
camel up,153938,Camel Up,2014,1.5,-0.181,False
camel up,260605,Camel Up (Second Edition),2018,1.51,0.199,False
flash duel:,184145,Flash Duel: Revised Second Edition,2015,1.67,1.194,False
flash duel:,107190,Flash Duel: Second Edition,2011,1.61,0.648,False
tiny epic defenders,238656,Tiny Epic Defenders (Second Edition),2018,2.05,0.033,False
tiny epic defenders,155708,Tiny Epic Defenders,2015,1.82,-0.493,False
tsukuyumi: full moon down,299450,Tsukuyumi: Full Moon Down (Second Edition),2020,3.66,0.018,False
tsukuyumi: full moon down,185538,Tsukuyumi: Full Moon Down,2018,3.77,0.182,False
yggdrasil,147190,Yggdrasil (Second Edition with Asgard Expansion),2013,2.39,1.06,False
yggdrasil,71671,Yggdrasil,2011,2.6,-0.041,False
mag·blast,6209,Mag·Blast (Second Edition),2002,1.55,0.351,False
mag·blast,944,Mag·Blast,1998,1.58,0.239,False
zombie in my pocket,41372,Zombie in My Pocket,2010,1.38,-0.228,False
zombie in my pocket,33468,Zombie in My Pocket,2007,1.3,0.103,False
shipwrights of the north sea,249889,Shipwrights of the North Sea (Second Edition),2017,2.45,0.063,False
shipwrights of the north sea,75547,Shipwrights of the North Sea,2014,2.31,-0.212,False
fleet: the dice game,328326,Fleet: The Dice Game (Second Edition),2020,2.23,0.77,False
fleet: the dice game,245961,Fleet: The Dice Game,2018,2.5,0.529,False
vanuatu,104020,Vanuatu,2011,3.29,0.297,False
vanuatu,193927,Vanuatu (Second Edition),2016,3.28,0.48,False
project: elite,171726,Project: ELITE,2016,2.45,0.421,False
project: elite,256999,Project: ELITE,2020,2.46,0.336,False
the cousins' war,224133,The Cousins' War,2017,2.0,0.116,False
the cousins' war,262818,The Cousins' War (Second Edition),2018,2.12,0.182,False
elevenses for one,158882,Elevenses for One,2014,1.26,-0.024,False
elevenses for one,200430,Elevenses for One,2016,1.25,0.38,False
lord of the rings: the confrontation,18833,Lord of the Rings: The Confrontation,2005,2.19,0.983,False
lord of the rings: the confrontation,3201,Lord of the Rings: The Confrontation,2002,2.15,0.716,False
trick shot,256707,Trick Shot,2021,2.37,0.649,False
trick shot,359612,Trick Shot (Second Edition),2024,2.5,0.595,False
council of verona,165469,Council of Verona (Second Edition),2014,1.59,-0.027,False
council of verona,140863,Council of Verona,2013,1.37,-0.125,False
onirim,156336,Onirim (Second Edition),2014,1.61,0.053,False
onirim,71836,Onirim,2010,1.65,-0.057,False
europa universalis: the price of power,254127,Europa Universalis: The Price of Power,2023,4.7,-0.028,False
europa universalis: the price of power,370448,Europa Universalis: The Price of Power (Deluxe Edition),2023,4.6,0.7,False
